Transaction ID,Customer ID,Order Date,Ship Date,Units Sold, Unit Price , Unit Cost 
770,32,5/13/2014,5/29/2014,5366,668.27,502.54
162,24,10/6/2014,11/11/2014,277,47.45,31.79
9,753,11/21/2014,1/10/2015,2431,421.89,364.69
249,424,7/2/2014,7/28/2014,6987,255.28,159.42
82,101,7/15/2014,8/15/2014,735,154.06,90.93
823,94,6/3/2014,6/3/2014,3180,651.21,524.96
559,91,6/12/2014,6/20/2014,6972,651.21,524.96
49,15,3/16/2014,4/27/2014,6962,81.73,56.67
729,21,10/4/2014,11/13/2014,9186,668.27,502.54
119,24,2/1/2014,3/20/2014,1040,421.89,364.69
885,388,3/9/2014,3/31/2014,4334,437.2,263.33
316,39,7/15/2014,7/21/2014,7739,47.45,31.79
395,322,7/1/2014,7/26/2014,7694,9.33,6.92
997,28,11/21/2014,11/28/2014,5574,651.21,524.96
578,54,1/22/2014,3/2/2014,9606,437.2,263.33
620,73,8/23/2014,10/2/2014,4342,152.58,97.44
383,84,5/13/2014,5/20/2014,6437,109.28,35.84
709,40,12/4/2014,12/24/2014,9400,109.28,35.84
125,93,1/10/2014,2/11/2014,2722,437.2,263.33
351,75,7/24/2014,9/5/2014,3311,152.58,97.44
871,50,11/23/2014,12/11/2014,5448,668.27,502.54
726,828,10/10/2014,11/28/2014,9166,651.21,524.96
576,55,10/2/2014,10/18/2014,2669,421.89,364.69
701,490,12/16/2014,1/1/2015,9211,205.7,117.11
146,345,4/13/2014,5/2/2014,1978,47.45,31.79
428,67,10/30/2014,12/11/2014,1179,81.73,56.67
618,115,11/2/2014,12/3/2014,778,651.21,524.96
663,145,2/18/2014,2/18/2014,2900,152.58,97.44
939,122,11/9/2014,12/27/2014,8479,651.21,524.96
790,125,7/20/2014,8/27/2014,9354,205.7,117.11
187,127,10/7/2014,10/25/2014,8496,81.73,56.67
860,129,4/1/2014,5/12/2014,6596,9.33,6.92
254,130,8/7/2014,8/15/2014,1786,437.2,263.33
749,140,11/15/2014,11/15/2014,6386,668.27,502.54
935,140,9/4/2014,9/13/2014,5372,152.58,97.44
91,142,2/6/2014,3/28/2014,3941,109.28,35.84
942,143,8/12/2014,8/17/2014,9826,651.21,524.96
773,146,12/6/2014,12/30/2014,1414,421.89,364.69
332,151,8/16/2014,10/5/2014,5145,109.28,35.84
57,242,4/12/2014,4/15/2014,8327,9.33,6.92
950,967,3/2/2014,4/20/2014,8497,9.33,6.92
897,158,12/26/2014,2/7/2015,5577,421.89,364.69
63,769,2/1/2014,2/26/2014,5330,154.06,90.93
511,769,10/4/2014,11/10/2014,6755,437.2,263.33
781,170,12/18/2014,1/20/2015,9229,109.28,35.84
792,174,1/15/2014,1/30/2014,5407,109.28,35.84
999,973,12/7/2014,1/3/2015,8422,9.33,6.92
278,184,6/15/2014,6/22/2014,5348,255.28,159.42
319,190,11/16/2014,12/21/2014,5966,9.33,6.92
867,198,5/23/2014,6/28/2014,1376,668.27,502.54
994,202,6/3/2014,6/9/2014,967,437.2,263.33
,,,,277,,
