Order_ID,Customer_ID,Order_Date,Product,Category,Region,Quantity,Unit_Price,Discount,Revenue,Profit,Month
ORD0001,C0103,2023-01-01 00:00:00.000000,Kurta,Clothing,East,5,828.54,0.0,4142.7,856.68,2023-01
ORD0002,C0180,2023-01-01 17:30:25.250501,Headphones,Electronics,North,5,11629.88,0.0,58149.4,22902.32,2023-01
ORD0003,C0093,2023-01-02 11:00:50.501002,Laptop,Electronics,South,5,16181.66,0.0,80908.3,18621.49,2023-01
ORD0004,C0015,2023-01-03 04:31:15.751503,Wardrobe,Furniture,South,4,5889.95,0.0,23559.8,6779.52,2023-01
ORD0005,C0107,2023-01-03 22:01:41.002004,Coffee,Food & Beverage,North,5,290.62,0.0,1453.1,425.36,2023-01
ORD0006,C0072,2023-01-04 15:32:06.252505,Dining Table,Furniture,South,4,9283.03,0.0,37132.12,10879.21,2023-01
ORD0007,C0189,2023-01-05 09:02:31.503006,Kurta,Clothing,North,4,807.11,0.2,2582.75,701.49,2023-01
ORD0008,C0021,2023-01-06 02:32:56.753507,Laptop,Electronics,South,5,11633.32,0.1,52349.94,3735.51,2023-01
ORD0009,C0103,2023-01-06 20:03:22.004008,Green Tea,Food & Beverage,South,2,317.99,0.05,604.18,170.9,2023-01
ORD0010,C0122,2023-01-07 13:33:47.254509,Running Shoes,Sports,East,1,3356.96,0.0,3356.96,514.39,2023-01
ORD0011,C0075,2023-01-08 07:04:12.505010,Protein Bar,Food & Beverage,South,3,360.53,0.0,1081.59,360.09,2023-01
ORD0012,C0088,2023-01-09 00:34:37.755511,Cycle,Sports,North,4,2607.99,0.1,9388.76,2594.7,2023-01
ORD0013,C0117,2023-01-09 18:05:03.006012,Running Shoes,Sports,North,1,2390.1,0.15,2031.58,288.0,2023-01
ORD0014,C0100,2023-01-10 11:35:28.256513,Running Shoes,Sports,East,1,2388.63,0.2,1910.9,544.95,2023-01
ORD0015,C0104,2023-01-11 05:05:53.507014,Wardrobe,Furniture,East,5,7476.55,0.0,37382.75,11280.45,2023-01
ORD0016,C0152,2023-01-11 22:36:18.757515,Protein Bar,Food & Beverage,North,5,505.66,0.2,2022.64,604.32,2023-01
ORD0017,C0131,2023-01-12 16:06:44.008016,Coffee,Food & Beverage,West,3,442.63,0.2,1062.31,219.27,2023-01
ORD0018,C0150,2023-01-13 09:37:09.258517,Coffee,Food & Beverage,South,2,356.06,0.15,605.3,41.75,2023-01
ORD0019,C0053,2023-01-14 03:07:34.509018,Tablet,Electronics,East,1,21064.32,0.0,21064.32,7842.42,2023-01
ORD0020,C0002,2023-01-14 20:37:59.759519,Jacket,Clothing,West,3,1057.37,0.05,3013.5,609.53,2023-01
ORD0021,C0088,2023-01-15 14:08:25.010020,Smartphone,Electronics,North,5,10636.24,0.05,50522.14,4642.53,2023-01
ORD0022,C0158,2023-01-16 07:38:50.260521,LED TV,Electronics,South,1,18672.47,0.0,18672.47,4109.19,2023-01
ORD0023,C0038,2023-01-17 01:09:15.511022,LED TV,Electronics,North,5,22058.67,0.0,110293.35,43120.69,2023-01
ORD0024,C0130,2023-01-17 18:39:40.761523,Coffee,Food & Beverage,North,3,502.35,0.0,1507.05,465.11,2023-01
ORD0025,C0192,2023-01-18 12:10:06.012024,LED TV,Electronics,North,1,18030.7,0.05,17129.16,5915.51,2023-01
ORD0026,C0188,2023-01-19 05:40:31.262525,Headphones,Electronics,South,4,14527.92,0.0,58111.68,17088.0,2023-01
ORD0027,C0021,2023-01-19 23:10:56.513026,Headphones,Electronics,North,4,14824.14,0.0,59296.56,13992.34,2023-01
ORD0028,C0161,2023-01-20 16:41:21.763527,Tablet,Electronics,North,4,17733.38,0.0,70933.52,9927.54,2023-01
ORD0029,C0058,2023-01-21 10:11:47.014028,Dumbbells,Sports,West,5,2976.83,0.05,14139.94,5017.11,2023-01
ORD0030,C0022,2023-01-22 03:42:12.264529,LED TV,Electronics,East,1,16264.44,0.2,13011.55,1470.59,2023-01
ORD0031,C0089,2023-01-22 21:12:37.515030,Saree,Clothing,North,3,924.21,0.0,2772.63,307.89,2023-01
ORD0032,C0049,2023-01-23 14:43:02.765531,Headphones,Electronics,East,1,16912.16,0.1,15220.94,4930.82,2023-01
ORD0033,C0059,2023-01-24 08:13:28.016032,Green Tea,Food & Beverage,North,2,350.8,0.0,701.6,113.32,2023-01
ORD0034,C0170,2023-01-25 01:43:53.266533,Headphones,Electronics,North,1,18560.41,0.1,16704.37,2630.08,2023-01
ORD0035,C0188,2023-01-25 19:14:18.517034,Bookshelf,Furniture,East,3,8929.05,0.15,22769.08,4339.15,2023-01
ORD0036,C0015,2023-01-26 12:44:43.767535,Protein Bar,Food & Beverage,East,1,282.52,0.0,282.52,92.25,2023-01
ORD0037,C0190,2023-01-27 06:15:09.018036,Olive Oil,Food & Beverage,East,4,519.53,0.1,1870.31,450.73,2023-01
ORD0038,C0190,2023-01-27 23:45:34.268537,Laptop,Electronics,North,4,17069.36,0.05,64863.57,22581.69,2023-01
ORD0039,C0175,2023-01-28 17:15:59.519038,T-Shirt,Clothing,East,5,1069.74,0.05,5081.26,1664.76,2023-01
ORD0040,C0190,2023-01-29 10:46:24.769539,Tablet,Electronics,East,2,17949.67,0.0,35899.34,5842.23,2023-01
ORD0041,C0051,2023-01-30 04:16:50.020040,T-Shirt,Clothing,South,3,648.85,0.1,1751.9,183.19,2023-01
ORD0042,C0108,2023-01-30 21:47:15.270541,Olive Oil,Food & Beverage,North,3,431.92,0.0,1295.76,204.32,2023-01
ORD0043,C0055,2023-01-31 15:17:40.521042,Headphones,Electronics,South,2,12624.13,0.0,25248.26,3438.58,2023-01
ORD0044,C0064,2023-02-01 08:48:05.771543,Laptop,Electronics,East,1,16541.01,0.1,14886.91,919.92,2023-02
ORD0045,C0131,2023-02-02 02:18:31.022044,Dining Table,Furniture,East,5,5616.61,0.15,23870.59,1202.01,2023-02
ORD0046,C0051,2023-02-02 19:48:56.272545,Yoga Mat,Sports,North,4,2487.83,0.05,9453.75,2828.95,2023-02
ORD0047,C0135,2023-02-03 13:19:21.523046,Smartphone,Electronics,South,3,16885.36,0.0,50656.08,11864.85,2023-02
ORD0048,C0021,2023-02-04 06:49:46.773547,LED TV,Electronics,North,5,12687.41,0.05,60265.2,19719.56,2023-02
ORD0049,C0073,2023-02-05 00:20:12.024048,T-Shirt,Clothing,East,1,779.47,0.05,740.5,134.42,2023-02
ORD0050,C0167,2023-02-05 17:50:37.274549,Jacket,Clothing,South,2,916.96,0.05,1742.22,425.69,2023-02
ORD0051,C0018,2023-02-06 11:21:02.525050,Jacket,Clothing,South,2,948.84,0.0,1897.68,473.42,2023-02
ORD0052,C0132,2023-02-07 04:51:27.775551,Cycle,Sports,North,5,2055.72,0.0,10278.6,1523.33,2023-02
ORD0053,C0089,2023-02-07 22:21:53.026052,LED TV,Electronics,North,3,16794.14,0.05,47863.3,17695.71,2023-02
ORD0054,C0060,2023-02-08 15:52:18.276553,Jacket,Clothing,North,3,1113.92,0.15,2840.5,290.78,2023-02
ORD0055,C0014,2023-02-09 09:22:43.527054,Office Chair,Furniture,East,2,9163.28,0.05,17410.23,2768.12,2023-02
ORD0056,C0009,2023-02-10 02:53:08.777555,Headphones,Electronics,East,3,12894.08,0.1,34814.02,7274.46,2023-02
ORD0057,C0090,2023-02-10 20:23:34.028056,Coffee,Food & Beverage,South,3,505.96,0.0,1517.88,422.22,2023-02
ORD0058,C0053,2023-02-11 13:53:59.278557,Kurta,Clothing,North,2,1193.57,0.0,2387.14,818.7,2023-02
ORD0059,C0130,2023-02-12 07:24:24.529058,Office Chair,Furniture,South,1,9412.09,0.05,8941.49,1775.35,2023-02
ORD0060,C0084,2023-02-13 00:54:49.779559,Running Shoes,Sports,North,4,2567.04,0.2,8214.53,2442.01,2023-02
ORD0061,C0092,2023-02-13 18:25:15.030060,T-Shirt,Clothing,North,4,1098.77,0.0,4395.08,1488.09,2023-02
ORD0062,C0111,2023-02-14 11:55:40.280561,Tablet,Electronics,South,5,20274.9,0.1,91237.05,18878.74,2023-02
ORD0063,C0188,2023-02-15 05:26:05.531062,Protein Bar,Food & Beverage,South,2,473.65,0.05,899.94,169.26,2023-02
ORD0064,C0199,2023-02-15 22:56:30.781563,T-Shirt,Clothing,North,1,787.43,0.0,787.43,204.38,2023-02
ORD0065,C0172,2023-02-16 16:26:56.032064,Smartphone,Electronics,East,3,18032.5,0.0,54097.5,7670.03,2023-02
ORD0066,C0008,2023-02-17 09:57:21.282565,Sofa,Furniture,North,3,10647.02,0.0,31941.06,6181.13,2023-02
ORD0067,C0175,2023-02-18 03:27:46.533066,Nuts Pack,Food & Beverage,West,2,458.49,0.15,779.43,99.47,2023-02
ORD0068,C0035,2023-02-18 20:58:11.783567,Headphones,Electronics,North,5,12029.86,0.0,60149.3,20401.96,2023-02
ORD0069,C0081,2023-02-19 14:28:37.034068,Headphones,Electronics,South,5,19140.44,0.1,86131.98,22237.95,2023-02
ORD0070,C0164,2023-02-20 07:59:02.284569,Tablet,Electronics,South,4,12679.17,0.2,40573.34,7101.05,2023-02
ORD0071,C0050,2023-02-21 01:29:27.535070,Saree,Clothing,North,4,1143.59,0.0,4574.36,595.76,2023-02
ORD0072,C0104,2023-02-21 18:59:52.785571,Olive Oil,Food & Beverage,North,4,273.62,0.2,875.58,207.53,2023-02
ORD0073,C0132,2023-02-22 12:30:18.036072,Office Chair,Furniture,North,4,7996.39,0.0,31985.56,3940.5,2023-02
ORD0074,C0002,2023-02-23 06:00:43.286573,Olive Oil,Food & Beverage,North,1,276.71,0.2,221.37,55.71,2023-02
ORD0075,C0134,2023-02-23 23:31:08.537074,Dumbbells,Sports,East,5,2508.61,0.1,11288.74,1260.66,2023-02
ORD0076,C0054,2023-02-24 17:01:33.787575,Dining Table,Furniture,South,4,9039.33,0.2,28925.86,3005.51,2023-02
ORD0077,C0106,2023-02-25 10:31:59.038076,Protein Bar,Food & Beverage,East,3,254.2,0.2,610.08,45.43,2023-02
ORD0078,C0004,2023-02-26 04:02:24.288577,Tablet,Electronics,North,1,14848.73,0.05,14106.29,3733.64,2023-02
ORD0079,C0054,2023-02-26 21:32:49.539078,Office Chair,Furniture,South,4,8537.53,0.05,32442.61,10809.54,2023-02
ORD0080,C0191,2023-02-27 15:03:14.789579,LED TV,Electronics,South,5,15267.82,0.05,72522.14,22839.73,2023-02
ORD0081,C0146,2023-02-28 08:33:40.040080,T-Shirt,Clothing,North,5,801.74,0.15,3407.4,685.69,2023-02
ORD0082,C0044,2023-03-01 02:04:05.290581,Green Tea,Food & Beverage,East,2,394.65,0.05,749.83,168.04,2023-03
ORD0083,C0162,2023-03-01 19:34:30.541082,Tablet,Electronics,South,3,14979.71,0.0,44939.13,13176.15,2023-03
ORD0084,C0190,2023-03-02 13:04:55.791583,Headphones,Electronics,North,2,20903.93,0.05,39717.47,9552.72,2023-03
ORD0085,C0014,2023-03-03 06:35:21.042084,Tablet,Electronics,North,1,20098.99,0.0,20098.99,5945.76,2023-03
ORD0086,C0095,2023-03-04 00:05:46.292585,Smartphone,Electronics,South,4,21832.92,0.0,87331.68,19380.44,2023-03
ORD0087,C0048,2023-03-04 17:36:11.543086,Laptop,Electronics,East,1,12994.64,0.0,12994.64,2006.77,2023-03
ORD0088,C0015,2023-03-05 11:06:36.793587,Jeans,Clothing,South,1,1083.16,0.0,1083.16,192.62,2023-03
ORD0089,C0200,2023-03-06 04:37:02.044088,Sofa,Furniture,South,4,9594.55,0.05,36459.29,8772.62,2023-03
ORD0090,C0190,2023-03-06 22:07:27.294589,Headphones,Electronics,South,2,19663.27,0.0,39326.54,14178.81,2023-03
ORD0091,C0040,2023-03-07 15:37:52.545090,Protein Bar,Food & Beverage,East,2,251.29,0.0,502.58,131.92,2023-03
ORD0092,C0082,2023-03-08 09:08:17.795591,Smartphone,Electronics,East,4,12087.31,0.2,38679.39,8020.81,2023-03
ORD0093,C0111,2023-03-09 02:38:43.046092,Coffee,Food & Beverage,East,2,406.42,0.0,812.84,216.42,2023-03
ORD0094,C0053,2023-03-09 20:09:08.296593,Coffee,Food & Beverage,East,2,284.21,0.0,568.42,102.29,2023-03
ORD0095,C0024,2023-03-10 13:39:33.547094,Tablet,Electronics,South,1,16431.29,0.05,15609.73,5095.52,2023-03
ORD0096,C0154,2023-03-11 07:09:58.797595,Green Tea,Food & Beverage,East,4,513.42,0.0,2053.68,261.02,2023-03
ORD0097,C0188,2023-03-12 00:40:24.048096,Smartphone,Electronics,East,3,14768.07,0.1,39873.79,5547.9,2023-03
ORD0098,C0124,2023-03-12 18:10:49.298597,Kurta,Clothing,West,1,732.74,0.05,696.1,86.04,2023-03
ORD0099,C0041,2023-03-13 11:41:14.549098,Olive Oil,Food & Beverage,South,5,288.31,0.1,1297.4,249.45,2023-03
ORD0100,C0157,2023-03-14 05:11:39.799599,T-Shirt,Clothing,North,1,1011.15,0.05,960.59,204.51,2023-03
ORD0101,C0015,2023-03-14 22:42:05.050100,Headphones,Electronics,South,4,22112.39,0.0,88449.56,11580.53,2023-03
ORD0102,C0045,2023-03-15 16:12:30.300601,Protein Bar,Food & Beverage,North,5,466.2,0.1,2097.9,432.99,2023-03
ORD0103,C0065,2023-03-16 09:42:55.551102,Dumbbells,Sports,West,5,3268.07,0.1,14706.32,3546.72,2023-03
ORD0104,C0089,2023-03-17 03:13:20.801603,Running Shoes,Sports,East,3,3725.34,0.2,8940.82,105.75,2023-03
ORD0105,C0071,2023-03-17 20:43:46.052104,Yoga Mat,Sports,East,5,2696.42,0.0,13482.1,1835.68,2023-03
ORD0106,C0009,2023-03-18 14:14:11.302605,Laptop,Electronics,West,3,21831.2,0.05,62218.92,20757.03,2023-03
ORD0107,C0088,2023-03-19 07:44:36.553106,Jeans,Clothing,South,1,976.11,0.0,976.11,261.8,2023-03
ORD0108,C0129,2023-03-20 01:15:01.803607,Olive Oil,Food & Beverage,South,2,447.93,0.0,895.86,174.32,2023-03
ORD0109,C0136,2023-03-20 18:45:27.054108,Protein Bar,Food & Beverage,North,5,420.25,0.15,1786.06,374.64,2023-03
ORD0110,C0063,2023-03-21 12:15:52.304609,Laptop,Electronics,West,2,10755.23,0.15,18283.89,3358.41,2023-03
ORD0111,C0139,2023-03-22 05:46:17.555110,Nuts Pack,Food & Beverage,East,5,459.81,0.05,2184.1,478.24,2023-03
ORD0112,C0081,2023-03-22 23:16:42.805611,Protein Bar,Food & Beverage,East,2,270.68,0.0,541.36,139.0,2023-03
ORD0113,C0136,2023-03-23 16:47:08.056112,Tablet,Electronics,North,2,14055.7,0.0,28111.4,3166.13,2023-03
ORD0114,C0163,2023-03-24 10:17:33.306613,Cricket Bat,Sports,East,1,2533.26,0.0,2533.26,980.18,2023-03
ORD0115,C0163,2023-03-25 03:47:58.557114,Headphones,Electronics,North,3,21344.69,0.2,51227.26,11423.98,2023-03
ORD0116,C0033,2023-03-25 21:18:23.807615,Kurta,Clothing,South,5,1091.61,0.0,5458.05,622.67,2023-03
ORD0117,C0123,2023-03-26 14:48:49.058116,Laptop,Electronics,North,3,20414.47,0.15,52056.9,11136.71,2023-03
ORD0118,C0005,2023-03-27 08:19:14.308617,Jacket,Clothing,South,2,896.02,0.0,1792.04,456.21,2023-03
ORD0119,C0041,2023-03-28 01:49:39.559118,Dumbbells,Sports,East,3,2198.88,0.0,6596.64,1722.33,2023-03
ORD0120,C0028,2023-03-28 19:20:04.809619,Bookshelf,Furniture,West,3,11215.75,0.0,33647.25,4672.07,2023-03
ORD0121,C0135,2023-03-29 12:50:30.060120,Running Shoes,Sports,North,2,3369.03,0.1,6064.25,1305.37,2023-03
ORD0122,C0072,2023-03-30 06:20:55.310621,Saree,Clothing,North,5,591.22,0.05,2808.3,1021.2,2023-03
ORD0123,C0012,2023-03-30 23:51:20.561122,Coffee,Food & Beverage,West,1,262.22,0.15,222.89,40.08,2023-03
ORD0124,C0162,2023-03-31 17:21:45.811623,Bookshelf,Furniture,West,3,11132.75,0.1,30058.42,6203.4,2023-03
ORD0125,C0033,2023-04-01 10:52:11.062124,Smartphone,Electronics,West,3,12424.8,0.0,37274.4,6396.55,2023-04
ORD0126,C0048,2023-04-02 04:22:36.312625,Smartphone,Electronics,North,4,12403.26,0.15,42171.08,12084.25,2023-04
ORD0127,C0151,2023-04-02 21:53:01.563126,Green Tea,Food & Beverage,East,3,309.02,0.2,741.65,0.25,2023-04
ORD0128,C0062,2023-04-03 15:23:26.813627,Nuts Pack,Food & Beverage,East,2,325.37,0.1,585.67,201.68,2023-04
ORD0129,C0037,2023-04-04 08:53:52.064128,Headphones,Electronics,South,5,19858.14,0.0,99290.7,32597.97,2023-04
ORD0130,C0099,2023-04-05 02:24:17.314629,Running Shoes,Sports,North,4,2108.99,0.1,7592.36,2176.29,2023-04
ORD0131,C0172,2023-04-05 19:54:42.565130,Nuts Pack,Food & Beverage,South,3,291.59,0.1,787.29,206.72,2023-04
ORD0132,C0104,2023-04-06 13:25:07.815631,Smartphone,Electronics,East,2,20958.44,0.2,33533.5,9746.96,2023-04
ORD0133,C0035,2023-04-07 06:55:33.066132,Tablet,Electronics,South,4,10795.04,0.0,43180.16,8510.08,2023-04
ORD0134,C0193,2023-04-08 00:25:58.316633,Green Tea,Food & Beverage,North,2,289.5,0.05,550.05,197.08,2023-04
ORD0135,C0101,2023-04-08 17:56:23.567134,Coffee,Food & Beverage,North,5,328.54,0.15,1396.3,358.64,2023-04
ORD0136,C0175,2023-04-09 11:26:48.817635,Smartphone,Electronics,West,1,22058.84,0.0,22058.84,7045.17,2023-04
ORD0137,C0131,2023-04-10 04:57:14.068136,Nuts Pack,Food & Beverage,West,3,321.78,0.2,772.27,94.83,2023-04
ORD0138,C0001,2023-04-10 22:27:39.318637,Tablet,Electronics,West,3,10873.61,0.1,29358.75,4713.78,2023-04
ORD0139,C0005,2023-04-11 15:58:04.569138,Jacket,Clothing,West,1,1115.92,0.1,1004.33,282.49,2023-04
ORD0140,C0142,2023-04-12 09:28:29.819639,Olive Oil,Food & Beverage,East,5,281.75,0.0,1408.75,530.05,2023-04
ORD0141,C0103,2023-04-13 02:58:55.070140,Protein Bar,Food & Beverage,North,1,415.05,0.0,415.05,111.04,2023-04
ORD0142,C0027,2023-04-13 20:29:20.320641,Tablet,Electronics,North,5,17583.17,0.05,83520.06,30927.93,2023-04
ORD0143,C0137,2023-04-14 13:59:45.571142,Jeans,Clothing,North,3,1004.79,0.15,2562.21,663.5,2023-04
ORD0144,C0015,2023-04-15 07:30:10.821643,T-Shirt,Clothing,South,1,625.79,0.05,594.5,47.86,2023-04
ORD0145,C0090,2023-04-16 01:00:36.072144,LED TV,Electronics,South,2,19809.66,0.2,31695.46,688.58,2023-04
ORD0146,C0042,2023-04-16 18:31:01.322645,Protein Bar,Food & Beverage,East,5,267.0,0.0,1335.0,186.65,2023-04
ORD0147,C0124,2023-04-17 12:01:26.573146,Bookshelf,Furniture,North,2,5863.57,0.1,10554.43,3540.64,2023-04
ORD0148,C0179,2023-04-18 05:31:51.823647,Protein Bar,Food & Beverage,West,1,259.55,0.05,246.57,70.94,2023-04
ORD0149,C0063,2023-04-18 23:02:17.074148,Nuts Pack,Food & Beverage,East,3,380.63,0.1,1027.7,221.88,2023-04
ORD0150,C0096,2023-04-19 16:32:42.324649,Olive Oil,Food & Beverage,East,1,290.92,0.05,276.37,80.82,2023-04
ORD0151,C0052,2023-04-20 10:03:07.575150,Office Chair,Furniture,East,5,9540.75,0.0,47703.75,11499.22,2023-04
ORD0152,C0096,2023-04-21 03:33:32.825651,Coffee,Food & Beverage,South,3,290.27,0.0,870.81,257.74,2023-04
ORD0153,C0132,2023-04-21 21:03:58.076152,Saree,Clothing,South,3,612.18,0.05,1744.71,246.3,2023-04
ORD0154,C0151,2023-04-22 14:34:23.326653,Headphones,Electronics,South,1,20919.27,0.1,18827.34,5136.32,2023-04
ORD0155,C0143,2023-04-23 08:04:48.577154,Jacket,Clothing,East,4,883.1,0.05,3355.78,769.14,2023-04
ORD0156,C0171,2023-04-24 01:35:13.827655,Laptop,Electronics,North,4,20981.08,0.2,67139.46,8494.23,2023-04
ORD0157,C0029,2023-04-24 19:05:39.078156,Wardrobe,Furniture,North,4,8056.62,0.05,30615.16,9974.4,2023-04
ORD0158,C0036,2023-04-25 12:36:04.328657,Nuts Pack,Food & Beverage,West,2,311.51,0.2,498.42,27.06,2023-04
ORD0159,C0013,2023-04-26 06:06:29.579158,Jacket,Clothing,East,5,845.0,0.05,4013.75,733.59,2023-04
ORD0160,C0160,2023-04-26 23:36:54.829659,Smartphone,Electronics,South,1,22132.95,0.0,22132.95,6573.95,2023-04
ORD0161,C0071,2023-04-27 17:07:20.080160,Nuts Pack,Food & Beverage,South,5,311.37,0.0,1556.85,568.43,2023-04
ORD0162,C0187,2023-04-28 10:37:45.330661,Kurta,Clothing,East,2,988.41,0.0,1976.82,464.22,2023-04
ORD0163,C0086,2023-04-29 04:08:10.581162,Cricket Bat,Sports,South,4,2508.72,0.1,9031.39,1418.11,2023-04
ORD0164,C0028,2023-04-29 21:38:35.831663,Nuts Pack,Food & Beverage,North,4,486.98,0.05,1850.52,438.52,2023-04
ORD0165,C0066,2023-04-30 15:09:01.082164,Cricket Bat,Sports,South,5,3623.21,0.0,18116.05,2475.25,2023-04
ORD0166,C0170,2023-05-01 08:39:26.332665,Cycle,Sports,West,1,2764.47,0.0,2764.47,399.47,2023-05
ORD0167,C0045,2023-05-02 02:09:51.583166,Dumbbells,Sports,North,2,2396.26,0.2,3834.02,667.25,2023-05
ORD0168,C0062,2023-05-02 19:40:16.833667,Jacket,Clothing,West,4,640.47,0.0,2561.88,366.51,2023-05
ORD0169,C0185,2023-05-03 13:10:42.084168,Green Tea,Food & Beverage,West,5,271.29,0.1,1220.8,223.56,2023-05
ORD0170,C0134,2023-05-04 06:41:07.334669,Laptop,Electronics,South,1,20557.38,0.2,16445.9,3370.99,2023-05
ORD0171,C0028,2023-05-05 00:11:32.585170,Office Chair,Furniture,East,4,6323.9,0.1,22766.04,7412.7,2023-05
ORD0172,C0028,2023-05-05 17:41:57.835671,Cycle,Sports,East,5,2904.37,0.0,14521.85,2146.13,2023-05
ORD0173,C0108,2023-05-06 11:12:23.086172,T-Shirt,Clothing,North,1,1195.74,0.1,1076.17,83.02,2023-05
ORD0174,C0044,2023-05-07 04:42:48.336673,Laptop,Electronics,West,5,19682.29,0.2,78729.16,10349.08,2023-05
ORD0175,C0084,2023-05-07 22:13:13.587174,Olive Oil,Food & Beverage,North,5,473.99,0.0,2369.95,624.12,2023-05
ORD0176,C0030,2023-05-08 15:43:38.837675,Jacket,Clothing,South,2,813.55,0.1,1464.39,243.92,2023-05
ORD0177,C0190,2023-05-09 09:14:04.088176,LED TV,Electronics,East,3,13227.24,0.0,39681.72,11151.94,2023-05
ORD0178,C0075,2023-05-10 02:44:29.338677,Office Chair,Furniture,West,3,9071.13,0.2,21770.71,5533.03,2023-05
ORD0179,C0128,2023-05-10 20:14:54.589178,Protein Bar,Food & Beverage,South,4,286.72,0.05,1089.54,162.15,2023-05
ORD0180,C0092,2023-05-11 13:45:19.839679,Jeans,Clothing,North,4,1171.54,0.0,4686.16,743.85,2023-05
ORD0181,C0190,2023-05-12 07:15:45.090180,Sofa,Furniture,South,1,9790.04,0.0,9790.04,1558.05,2023-05
ORD0182,C0129,2023-05-13 00:46:10.340681,Tablet,Electronics,West,4,13581.32,0.0,54325.28,10440.61,2023-05
ORD0183,C0121,2023-05-13 18:16:35.591182,Jeans,Clothing,West,4,1019.29,0.0,4077.16,1602.4,2023-05
ORD0184,C0027,2023-05-14 11:47:00.841683,Jacket,Clothing,East,2,1071.86,0.0,2143.72,404.27,2023-05
ORD0185,C0190,2023-05-15 05:17:26.092184,Headphones,Electronics,North,4,16302.55,0.15,55428.67,10535.21,2023-05
ORD0186,C0121,2023-05-15 22:47:51.342685,Dining Table,Furniture,North,5,9450.32,0.15,40163.86,11658.04,2023-05
ORD0187,C0116,2023-05-16 16:18:16.593186,Laptop,Electronics,East,2,14829.27,0.2,23726.83,5480.5,2023-05
ORD0188,C0003,2023-05-17 09:48:41.843687,Headphones,Electronics,West,2,19283.5,0.15,32781.95,7422.73,2023-05
ORD0189,C0103,2023-05-18 03:19:07.094188,Green Tea,Food & Beverage,West,1,363.7,0.0,363.7,62.04,2023-05
ORD0190,C0198,2023-05-18 20:49:32.344689,Kurta,Clothing,North,1,674.21,0.0,674.21,113.99,2023-05
ORD0191,C0200,2023-05-19 14:19:57.595190,Office Chair,Furniture,North,5,9404.65,0.05,44672.09,16588.34,2023-05
ORD0192,C0155,2023-05-20 07:50:22.845691,Dining Table,Furniture,West,2,8340.48,0.1,15012.86,3869.28,2023-05
ORD0193,C0137,2023-05-21 01:20:48.096192,Smartphone,Electronics,North,4,19192.07,0.05,72929.87,11468.09,2023-05
ORD0194,C0062,2023-05-21 18:51:13.346693,LED TV,Electronics,South,4,12802.41,0.0,51209.64,8603.06,2023-05
ORD0195,C0165,2023-05-22 12:21:38.597194,LED TV,Electronics,South,4,11311.35,0.15,38458.59,3657.94,2023-05
ORD0196,C0051,2023-05-23 05:52:03.847695,Green Tea,Food & Beverage,East,3,394.23,0.0,1182.69,236.42,2023-05
ORD0197,C0172,2023-05-23 23:22:29.098196,Yoga Mat,Sports,East,1,3740.96,0.05,3553.91,622.19,2023-05
ORD0198,C0152,2023-05-24 16:52:54.348697,Tablet,Electronics,South,5,18119.52,0.1,81537.84,8247.01,2023-05
ORD0199,C0059,2023-05-25 10:23:19.599198,Jacket,Clothing,South,1,752.55,0.2,602.04,85.77,2023-05
ORD0200,C0118,2023-05-26 03:53:44.849699,Smartphone,Electronics,East,5,19346.16,0.1,87057.72,10716.55,2023-05
ORD0201,C0160,2023-05-26 21:24:10.100200,Laptop,Electronics,North,1,17801.84,0.05,16911.75,2076.61,2023-05
ORD0202,C0096,2023-05-27 14:54:35.350701,Laptop,Electronics,East,5,14821.64,0.0,74108.2,28241.7,2023-05
ORD0203,C0180,2023-05-28 08:25:00.601202,Jacket,Clothing,South,2,944.38,0.05,1794.32,629.48,2023-05
ORD0204,C0113,2023-05-29 01:55:25.851703,Cycle,Sports,West,4,2167.02,0.2,6934.46,242.08,2023-05
ORD0205,C0062,2023-05-29 19:25:51.102204,Jeans,Clothing,South,3,1065.62,0.0,3196.86,397.29,2023-05
ORD0206,C0186,2023-05-30 12:56:16.352705,Laptop,Electronics,West,3,14653.2,0.2,35167.68,6762.45,2023-05
ORD0207,C0052,2023-05-31 06:26:41.603206,LED TV,Electronics,West,4,17776.45,0.0,71105.8,26272.06,2023-05
ORD0208,C0012,2023-05-31 23:57:06.853707,Saree,Clothing,South,1,1088.13,0.1,979.32,84.74,2023-05
ORD0209,C0039,2023-06-01 17:27:32.104208,Jacket,Clothing,South,5,911.7,0.2,3646.8,473.17,2023-06
ORD0210,C0130,2023-06-02 10:57:57.354709,Jeans,Clothing,East,5,627.63,0.1,2824.34,324.27,2023-06
ORD0211,C0131,2023-06-03 04:28:22.605210,Dining Table,Furniture,South,3,9212.42,0.0,27637.26,4519.43,2023-06
ORD0212,C0113,2023-06-03 21:58:47.855711,Protein Bar,Food & Beverage,North,3,292.79,0.0,878.37,294.09,2023-06
ORD0213,C0101,2023-06-04 15:29:13.106212,Headphones,Electronics,East,1,16613.07,0.2,13290.46,3245.41,2023-06
ORD0214,C0113,2023-06-05 08:59:38.356713,Jacket,Clothing,West,4,897.31,0.05,3409.78,389.44,2023-06
ORD0215,C0184,2023-06-06 02:30:03.607214,Kurta,Clothing,East,3,795.37,0.05,2266.8,732.77,2023-06
ORD0216,C0081,2023-06-06 20:00:28.857715,Green Tea,Food & Beverage,East,3,362.2,0.1,977.94,219.69,2023-06
ORD0217,C0187,2023-06-07 13:30:54.108216,Tablet,Electronics,North,1,14382.0,0.15,12224.7,2613.51,2023-06
ORD0218,C0113,2023-06-08 07:01:19.358717,Headphones,Electronics,West,1,11816.83,0.05,11225.99,2372.2,2023-06
ORD0219,C0002,2023-06-09 00:31:44.609218,Laptop,Electronics,West,4,20875.92,0.0,83503.68,24676.44,2023-06
ORD0220,C0130,2023-06-09 18:02:09.859719,Wardrobe,Furniture,East,2,10624.11,0.15,18060.99,5627.81,2023-06
ORD0221,C0054,2023-06-10 11:32:35.110220,T-Shirt,Clothing,North,2,840.07,0.0,1680.14,591.85,2023-06
ORD0222,C0087,2023-06-11 05:03:00.360721,Cycle,Sports,East,4,3024.4,0.1,10887.84,3468.16,2023-06
ORD0223,C0129,2023-06-11 22:33:25.611222,Sofa,Furniture,East,5,6561.08,0.1,29524.86,6013.23,2023-06
ORD0224,C0147,2023-06-12 16:03:50.861723,LED TV,Electronics,North,3,18408.43,0.15,46941.5,2657.37,2023-06
ORD0225,C0126,2023-06-13 09:34:16.112224,Jeans,Clothing,North,4,783.81,0.1,2821.72,700.95,2023-06
ORD0226,C0130,2023-06-14 03:04:41.362725,Tablet,Electronics,North,5,18423.63,0.1,82906.34,10737.53,2023-06
ORD0227,C0053,2023-06-14 20:35:06.613226,Headphones,Electronics,South,1,14045.34,0.1,12640.81,3000.92,2023-06
ORD0228,C0172,2023-06-15 14:05:31.863727,LED TV,Electronics,South,4,17880.16,0.1,64368.58,15652.59,2023-06
ORD0229,C0160,2023-06-16 07:35:57.114228,Laptop,Electronics,East,2,20084.57,0.0,40169.14,15826.28,2023-06
ORD0230,C0198,2023-06-17 01:06:22.364729,Sofa,Furniture,North,2,6419.81,0.0,12839.62,4858.83,2023-06
ORD0231,C0160,2023-06-17 18:36:47.615230,Saree,Clothing,West,4,808.74,0.0,3234.96,589.21,2023-06
ORD0232,C0068,2023-06-18 12:07:12.865731,Dining Table,Furniture,West,1,9733.19,0.0,9733.19,3355.85,2023-06
ORD0233,C0183,2023-06-19 05:37:38.116232,Protein Bar,Food & Beverage,East,2,423.1,0.0,846.2,333.0,2023-06
ORD0234,C0184,2023-06-19 23:08:03.366733,Sofa,Furniture,South,3,7648.38,0.1,20650.63,2701.09,2023-06
ORD0235,C0123,2023-06-20 16:38:28.617234,Green Tea,Food & Beverage,South,5,436.88,0.0,2184.4,850.91,2023-06
ORD0236,C0145,2023-06-21 10:08:53.867735,Headphones,Electronics,East,5,15461.0,0.1,69574.5,18995.73,2023-06
ORD0237,C0038,2023-06-22 03:39:19.118236,Tablet,Electronics,South,4,18135.5,0.1,65287.8,6399.61,2023-06
ORD0238,C0024,2023-06-22 21:09:44.368737,LED TV,Electronics,South,4,19217.54,0.2,61496.13,1829.72,2023-06
ORD0239,C0069,2023-06-23 14:40:09.619238,Olive Oil,Food & Beverage,North,1,400.42,0.1,360.38,84.62,2023-06
ORD0240,C0116,2023-06-24 08:10:34.869739,Kurta,Clothing,North,1,914.7,0.0,914.7,300.29,2023-06
ORD0241,C0098,2023-06-25 01:41:00.120240,Protein Bar,Food & Beverage,West,2,457.43,0.1,823.37,227.97,2023-06
ORD0242,C0198,2023-06-25 19:11:25.370741,Saree,Clothing,East,5,639.82,0.0,3199.1,937.37,2023-06
ORD0243,C0139,2023-06-26 12:41:50.621242,Laptop,Electronics,North,5,18456.5,0.0,92282.5,14166.45,2023-06
ORD0244,C0144,2023-06-27 06:12:15.871743,Headphones,Electronics,South,1,15152.08,0.05,14394.48,4854.95,2023-06
ORD0245,C0097,2023-06-27 23:42:41.122244,Coffee,Food & Beverage,East,2,402.22,0.05,764.22,195.68,2023-06
ORD0246,C0124,2023-06-28 17:13:06.372745,Nuts Pack,Food & Beverage,East,4,335.19,0.1,1206.68,114.27,2023-06
ORD0247,C0187,2023-06-29 10:43:31.623246,Green Tea,Food & Beverage,North,5,465.81,0.05,2212.6,458.14,2023-06
ORD0248,C0070,2023-06-30 04:13:56.873747,T-Shirt,Clothing,East,2,797.71,0.0,1595.42,543.1,2023-06
ORD0249,C0093,2023-06-30 21:44:22.124248,Coffee,Food & Beverage,North,1,362.95,0.1,326.65,93.32,2023-06
ORD0250,C0003,2023-07-01 15:14:47.374749,Jacket,Clothing,East,3,1033.59,0.2,2480.62,151.02,2023-07
ORD0251,C0148,2023-07-02 08:45:12.625250,Dumbbells,Sports,East,5,3150.5,0.05,14964.88,3755.34,2023-07
ORD0252,C0187,2023-07-03 02:15:37.875751,Dumbbells,Sports,South,5,1862.27,0.15,7914.65,733.39,2023-07
ORD0253,C0164,2023-07-03 19:46:03.126252,Jacket,Clothing,East,1,838.52,0.2,670.82,142.08,2023-07
ORD0254,C0147,2023-07-04 13:16:28.376753,Laptop,Electronics,North,3,15742.21,0.1,42503.97,11886.4,2023-07
ORD0255,C0090,2023-07-05 06:46:53.627254,Sofa,Furniture,North,1,10408.8,0.1,9367.92,3156.84,2023-07
ORD0256,C0195,2023-07-06 00:17:18.877755,Headphones,Electronics,South,3,13807.35,0.1,37279.84,12766.5,2023-07
ORD0257,C0147,2023-07-06 17:47:44.128256,T-Shirt,Clothing,North,5,731.61,0.0,3658.05,1302.0,2023-07
ORD0258,C0148,2023-07-07 11:18:09.378757,Dining Table,Furniture,North,1,7813.89,0.0,7813.89,2590.75,2023-07
ORD0259,C0096,2023-07-08 04:48:34.629258,Smartphone,Electronics,West,4,12035.86,0.15,40921.92,5853.24,2023-07
ORD0260,C0199,2023-07-08 22:18:59.879759,Protein Bar,Food & Beverage,North,5,519.76,0.0,2598.8,769.9,2023-07
ORD0261,C0052,2023-07-09 15:49:25.130260,Dining Table,Furniture,North,3,11820.83,0.1,31916.24,4942.29,2023-07
ORD0262,C0161,2023-07-10 09:19:50.380761,Headphones,Electronics,West,2,11566.08,0.1,20818.94,4445.5,2023-07
ORD0263,C0168,2023-07-11 02:50:15.631262,Headphones,Electronics,East,2,17010.55,0.1,30618.99,6572.42,2023-07
ORD0264,C0128,2023-07-11 20:20:40.881763,Laptop,Electronics,North,1,15643.57,0.0,15643.57,4681.44,2023-07
ORD0265,C0039,2023-07-12 13:51:06.132264,Smartphone,Electronics,North,5,19491.4,0.0,97457.0,32754.42,2023-07
ORD0266,C0082,2023-07-13 07:21:31.382765,Saree,Clothing,North,3,1063.22,0.0,3189.66,566.44,2023-07
ORD0267,C0104,2023-07-14 00:51:56.633266,Jacket,Clothing,West,5,982.16,0.0,4910.8,867.48,2023-07
ORD0268,C0129,2023-07-14 18:22:21.883767,Sofa,Furniture,South,2,9171.08,0.05,17425.05,1799.06,2023-07
ORD0269,C0011,2023-07-15 11:52:47.134268,Laptop,Electronics,South,4,20080.13,0.0,80320.52,18916.21,2023-07
ORD0270,C0185,2023-07-16 05:23:12.384769,Tablet,Electronics,South,3,12847.31,0.0,38541.93,4941.49,2023-07
ORD0271,C0178,2023-07-16 22:53:37.635270,Coffee,Food & Beverage,West,5,332.46,0.1,1496.07,162.7,2023-07
ORD0272,C0151,2023-07-17 16:24:02.885771,Jacket,Clothing,South,4,917.0,0.0,3668.0,1041.87,2023-07
ORD0273,C0159,2023-07-18 09:54:28.136272,Olive Oil,Food & Beverage,East,1,412.47,0.0,412.47,86.25,2023-07
ORD0274,C0042,2023-07-19 03:24:53.386773,Coffee,Food & Beverage,North,4,468.61,0.2,1499.55,385.48,2023-07
ORD0275,C0099,2023-07-19 20:55:18.637274,Protein Bar,Food & Beverage,North,5,520.55,0.1,2342.48,563.14,2023-07
ORD0276,C0007,2023-07-20 14:25:43.887775,Olive Oil,Food & Beverage,West,3,437.32,0.0,1311.96,142.75,2023-07
ORD0277,C0144,2023-07-21 07:56:09.138276,Tablet,Electronics,South,3,12748.94,0.15,32509.8,8801.02,2023-07
ORD0278,C0090,2023-07-22 01:26:34.388777,Nuts Pack,Food & Beverage,South,1,376.93,0.15,320.39,52.15,2023-07
ORD0279,C0112,2023-07-22 18:56:59.639278,Saree,Clothing,West,4,774.53,0.0,3098.12,971.58,2023-07
ORD0280,C0060,2023-07-23 12:27:24.889779,Tablet,Electronics,East,3,12203.66,0.0,36610.98,8607.44,2023-07
ORD0281,C0113,2023-07-24 05:57:50.140280,Office Chair,Furniture,North,5,10759.65,0.15,45728.51,4627.38,2023-07
ORD0282,C0002,2023-07-24 23:28:15.390781,Green Tea,Food & Beverage,North,2,333.18,0.0,666.36,202.91,2023-07
ORD0283,C0129,2023-07-25 16:58:40.641282,Office Chair,Furniture,North,3,10042.56,0.05,28621.3,4768.11,2023-07
ORD0284,C0048,2023-07-26 10:29:05.891783,Tablet,Electronics,East,5,18337.95,0.2,73351.8,19171.33,2023-07
ORD0285,C0140,2023-07-27 03:59:31.142284,Coffee,Food & Beverage,North,2,427.22,0.15,726.27,18.2,2023-07
ORD0286,C0197,2023-07-27 21:29:56.392785,Jacket,Clothing,North,5,909.85,0.0,4549.25,1788.04,2023-07
ORD0287,C0037,2023-07-28 15:00:21.643286,T-Shirt,Clothing,West,2,1178.4,0.0,2356.8,736.04,2023-07
ORD0288,C0160,2023-07-29 08:30:46.893787,Olive Oil,Food & Beverage,East,1,480.05,0.2,384.04,71.59,2023-07
ORD0289,C0009,2023-07-30 02:01:12.144288,Office Chair,Furniture,North,4,9664.57,0.05,36725.37,5161.12,2023-07
ORD0290,C0099,2023-07-30 19:31:37.394789,LED TV,Electronics,East,1,10648.85,0.05,10116.41,1673.05,2023-07
ORD0291,C0147,2023-07-31 13:02:02.645290,Smartphone,Electronics,East,1,11077.71,0.2,8862.17,2265.87,2023-07
ORD0292,C0048,2023-08-01 06:32:27.895791,Office Chair,Furniture,North,5,10964.17,0.0,54820.85,12540.53,2023-08
ORD0293,C0131,2023-08-02 00:02:53.146292,Coffee,Food & Beverage,North,5,262.82,0.15,1116.98,228.64,2023-08
ORD0294,C0148,2023-08-02 17:33:18.396793,Tablet,Electronics,East,1,18530.4,0.15,15750.84,4547.17,2023-08
ORD0295,C0152,2023-08-03 11:03:43.647294,Jacket,Clothing,North,4,857.24,0.0,3428.96,693.49,2023-08
ORD0296,C0054,2023-08-04 04:34:08.897795,Tablet,Electronics,East,3,15842.95,0.1,42775.96,10346.72,2023-08
ORD0297,C0120,2023-08-04 22:04:34.148296,Headphones,Electronics,East,4,16352.0,0.1,58867.2,19729.89,2023-08
ORD0298,C0161,2023-08-05 15:34:59.398797,Protein Bar,Food & Beverage,West,1,245.82,0.0,245.82,69.13,2023-08
ORD0299,C0152,2023-08-06 09:05:24.649298,Laptop,Electronics,South,1,15905.58,0.05,15110.3,3955.21,2023-08
ORD0300,C0116,2023-08-07 02:35:49.899799,Jacket,Clothing,North,1,890.61,0.0,890.61,91.11,2023-08
ORD0301,C0075,2023-08-07 20:06:15.150300,Headphones,Electronics,South,1,14566.33,0.15,12381.38,2434.36,2023-08
ORD0302,C0113,2023-08-08 13:36:40.400801,LED TV,Electronics,South,1,20300.19,0.0,20300.19,7012.94,2023-08
ORD0303,C0200,2023-08-09 07:07:05.651302,Protein Bar,Food & Beverage,West,5,434.12,0.0,2170.6,510.48,2023-08
ORD0304,C0164,2023-08-10 00:37:30.901803,Headphones,Electronics,East,3,15432.25,0.2,37037.4,7933.77,2023-08
ORD0305,C0166,2023-08-10 18:07:56.152304,Kurta,Clothing,East,2,1171.24,0.15,1991.11,50.71,2023-08
ORD0306,C0104,2023-08-11 11:38:21.402805,Tablet,Electronics,South,1,17745.55,0.1,15971.0,1347.09,2023-08
ORD0307,C0084,2023-08-12 05:08:46.653306,Jeans,Clothing,North,5,637.46,0.05,3027.94,909.45,2023-08
ORD0308,C0112,2023-08-12 22:39:11.903807,LED TV,Electronics,East,2,18522.87,0.1,33341.17,5287.11,2023-08
ORD0309,C0099,2023-08-13 16:09:37.154308,Laptop,Electronics,East,3,21459.44,0.1,57940.49,18083.78,2023-08
ORD0310,C0153,2023-08-14 09:40:02.404809,Laptop,Electronics,North,5,11297.33,0.05,53662.32,6312.9,2023-08
ORD0311,C0093,2023-08-15 03:10:27.655310,Saree,Clothing,North,3,871.04,0.05,2482.46,218.76,2023-08
ORD0312,C0146,2023-08-15 20:40:52.905811,Office Chair,Furniture,South,1,6031.26,0.0,6031.26,2144.43,2023-08
ORD0313,C0128,2023-08-16 14:11:18.156312,LED TV,Electronics,South,5,20840.91,0.05,98994.32,14144.68,2023-08
ORD0314,C0110,2023-08-17 07:41:43.406813,Jacket,Clothing,South,1,835.83,0.0,835.83,229.57,2023-08
ORD0315,C0082,2023-08-18 01:12:08.657314,Sofa,Furniture,South,4,10005.79,0.0,40023.16,6005.8,2023-08
ORD0316,C0194,2023-08-18 18:42:33.907815,LED TV,Electronics,South,1,21859.73,0.0,21859.73,5577.99,2023-08
ORD0317,C0054,2023-08-19 12:12:59.158316,Smartphone,Electronics,South,3,14234.61,0.1,38433.45,8906.33,2023-08
ORD0318,C0163,2023-08-20 05:43:24.408817,Headphones,Electronics,North,1,11763.11,0.0,11763.11,4606.52,2023-08
ORD0319,C0189,2023-08-20 23:13:49.659318,Dumbbells,Sports,West,3,2021.58,0.0,6064.74,986.49,2023-08
ORD0320,C0169,2023-08-21 16:44:14.909819,Saree,Clothing,North,2,760.45,0.0,1520.9,374.68,2023-08
ORD0321,C0161,2023-08-22 10:14:40.160320,Coffee,Food & Beverage,West,2,349.94,0.05,664.89,138.46,2023-08
ORD0322,C0068,2023-08-23 03:45:05.410821,Kurta,Clothing,West,5,948.4,0.0,4742.0,518.21,2023-08
ORD0323,C0033,2023-08-23 21:15:30.661322,Coffee,Food & Beverage,North,5,378.81,0.05,1799.35,225.82,2023-08
ORD0324,C0142,2023-08-24 14:45:55.911823,Olive Oil,Food & Beverage,South,2,476.51,0.1,857.72,88.47,2023-08
ORD0325,C0021,2023-08-25 08:16:21.162324,Wardrobe,Furniture,East,4,10916.41,0.05,41482.36,5167.57,2023-08
ORD0326,C0048,2023-08-26 01:46:46.412825,Cycle,Sports,West,2,2727.8,0.05,5182.82,1933.99,2023-08
ORD0327,C0148,2023-08-26 19:17:11.663326,Office Chair,Furniture,West,2,8553.25,0.1,15395.85,1453.3,2023-08
ORD0328,C0128,2023-08-27 12:47:36.913827,Olive Oil,Food & Beverage,West,3,499.65,0.1,1349.05,283.32,2023-08
ORD0329,C0136,2023-08-28 06:18:02.164328,Smartphone,Electronics,North,4,11192.89,0.1,40294.4,7657.33,2023-08
ORD0330,C0135,2023-08-28 23:48:27.414829,Dumbbells,Sports,South,3,2775.8,0.0,8327.4,2717.95,2023-08
ORD0331,C0195,2023-08-29 17:18:52.665330,Jacket,Clothing,South,3,690.06,0.1,1863.16,309.21,2023-08
ORD0332,C0145,2023-08-30 10:49:17.915831,Jeans,Clothing,West,1,1113.97,0.2,891.18,108.97,2023-08
ORD0333,C0128,2023-08-31 04:19:43.166332,Nuts Pack,Food & Beverage,North,5,378.42,0.2,1513.68,27.01,2023-08
ORD0334,C0033,2023-08-31 21:50:08.416833,Office Chair,Furniture,West,3,7596.15,0.0,22788.45,2489.34,2023-08
ORD0335,C0176,2023-09-01 15:20:33.667334,Laptop,Electronics,East,5,10866.59,0.15,46183.01,8459.24,2023-09
ORD0336,C0187,2023-09-02 08:50:58.917835,Sofa,Furniture,East,2,7733.81,0.1,13920.86,2903.52,2023-09
ORD0337,C0115,2023-09-03 02:21:24.168336,Yoga Mat,Sports,East,2,3406.94,0.0,6813.88,710.65,2023-09
ORD0338,C0119,2023-09-03 19:51:49.418837,Protein Bar,Food & Beverage,West,5,246.59,0.2,986.36,243.21,2023-09
ORD0339,C0022,2023-09-04 13:22:14.669338,Olive Oil,Food & Beverage,North,2,274.23,0.0,548.46,173.83,2023-09
ORD0340,C0158,2023-09-05 06:52:39.919839,Dining Table,Furniture,East,3,9114.43,0.1,24608.96,5490.56,2023-09
ORD0341,C0038,2023-09-06 00:23:05.170340,Smartphone,Electronics,West,3,20927.33,0.1,56503.79,4739.51,2023-09
ORD0342,C0109,2023-09-06 17:53:30.420841,Headphones,Electronics,North,2,11374.82,0.05,21612.16,3535.47,2023-09
ORD0343,C0051,2023-09-07 11:23:55.671342,Smartphone,Electronics,North,5,17499.09,0.15,74371.13,14107.77,2023-09
ORD0344,C0182,2023-09-08 04:54:20.921843,Smartphone,Electronics,East,5,15493.46,0.1,69720.57,7414.98,2023-09
ORD0345,C0008,2023-09-08 22:24:46.172344,Green Tea,Food & Beverage,South,2,475.0,0.05,902.5,240.18,2023-09
ORD0346,C0027,2023-09-09 15:55:11.422845,Jacket,Clothing,North,5,1074.53,0.05,5104.02,1179.29,2023-09
ORD0347,C0027,2023-09-10 09:25:36.673346,Green Tea,Food & Beverage,East,4,384.07,0.0,1536.28,215.31,2023-09
ORD0348,C0021,2023-09-11 02:56:01.923847,Headphones,Electronics,North,1,14311.04,0.0,14311.04,3625.54,2023-09
ORD0349,C0030,2023-09-11 20:26:27.174348,LED TV,Electronics,North,2,16103.62,0.0,32207.24,12307.5,2023-09
ORD0350,C0097,2023-09-12 13:56:52.424849,Cricket Bat,Sports,East,1,2009.86,0.05,1909.37,639.57,2023-09
ORD0351,C0028,2023-09-13 07:27:17.675350,Dumbbells,Sports,East,5,2594.77,0.0,12973.85,4941.69,2023-09
ORD0352,C0111,2023-09-14 00:57:42.925851,Laptop,Electronics,North,5,15151.79,0.1,68183.06,17806.49,2023-09
ORD0353,C0192,2023-09-14 18:28:08.176352,Tablet,Electronics,West,3,18496.62,0.2,44391.89,10135.17,2023-09
ORD0354,C0197,2023-09-15 11:58:33.426853,Protein Bar,Food & Beverage,North,5,378.11,0.1,1701.5,595.25,2023-09
ORD0355,C0061,2023-09-16 05:28:58.677354,Jacket,Clothing,East,1,864.62,0.0,864.62,251.02,2023-09
ORD0356,C0048,2023-09-16 22:59:23.927855,LED TV,Electronics,North,5,15498.05,0.15,65866.71,18449.56,2023-09
ORD0357,C0147,2023-09-17 16:29:49.178356,Dining Table,Furniture,South,1,10695.94,0.1,9626.35,585.1,2023-09
ORD0358,C0004,2023-09-18 10:00:14.428857,Running Shoes,Sports,East,2,3224.19,0.2,5158.7,80.78,2023-09
ORD0359,C0035,2023-09-19 03:30:39.679358,T-Shirt,Clothing,West,4,614.62,0.0,2458.48,737.69,2023-09
ORD0360,C0192,2023-09-19 21:01:04.929859,Coffee,Food & Beverage,West,4,272.96,0.1,982.66,120.44,2023-09
ORD0361,C0049,2023-09-20 14:31:30.180360,Protein Bar,Food & Beverage,South,4,510.68,0.0,2042.72,655.43,2023-09
ORD0362,C0017,2023-09-21 08:01:55.430861,Running Shoes,Sports,East,5,2678.19,0.2,10712.76,1668.08,2023-09
ORD0363,C0172,2023-09-22 01:32:20.681362,Jacket,Clothing,North,1,893.63,0.2,714.9,26.93,2023-09
ORD0364,C0158,2023-09-22 19:02:45.931863,Protein Bar,Food & Beverage,South,2,295.89,0.05,562.19,98.18,2023-09
ORD0365,C0046,2023-09-23 12:33:11.182364,Nuts Pack,Food & Beverage,East,1,349.09,0.0,349.09,66.31,2023-09
ORD0366,C0117,2023-09-24 06:03:36.432865,Dumbbells,Sports,North,1,2843.93,0.15,2417.34,500.01,2023-09
ORD0367,C0006,2023-09-24 23:34:01.683366,Smartphone,Electronics,East,4,21293.46,0.1,76656.46,25389.66,2023-09
ORD0368,C0099,2023-09-25 17:04:26.933867,Jacket,Clothing,East,4,597.02,0.2,1910.46,540.31,2023-09
ORD0369,C0124,2023-09-26 10:34:52.184368,Yoga Mat,Sports,North,3,3675.54,0.0,11026.62,2312.33,2023-09
ORD0370,C0037,2023-09-27 04:05:17.434869,Laptop,Electronics,North,1,17968.96,0.1,16172.06,3614.29,2023-09
ORD0371,C0024,2023-09-27 21:35:42.685370,Nuts Pack,Food & Beverage,South,4,424.99,0.15,1444.97,446.81,2023-09
ORD0372,C0093,2023-09-28 15:06:07.935871,Protein Bar,Food & Beverage,South,1,438.2,0.1,394.38,129.82,2023-09
ORD0373,C0046,2023-09-29 08:36:33.186372,LED TV,Electronics,West,2,14123.0,0.1,25421.4,3972.86,2023-09
ORD0374,C0181,2023-09-30 02:06:58.436873,Yoga Mat,Sports,West,2,2110.62,0.05,4010.18,975.53,2023-09
ORD0375,C0095,2023-09-30 19:37:23.687374,Kurta,Clothing,South,3,991.58,0.0,2974.74,1185.42,2023-09
ORD0376,C0099,2023-10-01 13:07:48.937875,Jacket,Clothing,East,1,686.03,0.2,548.82,163.79,2023-10
ORD0377,C0188,2023-10-02 06:38:14.188376,Cricket Bat,Sports,North,4,2269.08,0.05,8622.5,2182.08,2023-10
ORD0378,C0116,2023-10-03 00:08:39.438877,Bookshelf,Furniture,East,4,10908.11,0.1,39269.2,6146.11,2023-10
ORD0379,C0191,2023-10-03 17:39:04.689378,Jeans,Clothing,East,2,1044.68,0.0,2089.36,507.86,2023-10
ORD0380,C0160,2023-10-04 11:09:29.939879,LED TV,Electronics,East,3,18499.21,0.0,55497.63,14958.03,2023-10
ORD0381,C0161,2023-10-05 04:39:55.190380,T-Shirt,Clothing,North,5,565.78,0.0,2828.9,1068.92,2023-10
ORD0382,C0067,2023-10-05 22:10:20.440881,Bookshelf,Furniture,North,4,6738.48,0.05,25606.22,8129.53,2023-10
ORD0383,C0128,2023-10-06 15:40:45.691382,Tablet,Electronics,North,3,21235.71,0.0,63707.13,23598.07,2023-10
ORD0384,C0018,2023-10-07 09:11:10.941883,Yoga Mat,Sports,East,3,2739.35,0.05,7807.15,1713.39,2023-10
ORD0385,C0025,2023-10-08 02:41:36.192384,Smartphone,Electronics,East,3,21911.14,0.05,62446.75,11373.82,2023-10
ORD0386,C0054,2023-10-08 20:12:01.442885,Headphones,Electronics,North,5,14802.94,0.1,66613.23,8134.79,2023-10
ORD0387,C0058,2023-10-09 13:42:26.693386,Running Shoes,Sports,West,2,3429.63,0.1,6173.33,732.21,2023-10
ORD0388,C0067,2023-10-10 07:12:51.943887,Tablet,Electronics,East,1,21905.51,0.05,20810.23,4286.58,2023-10
ORD0389,C0104,2023-10-11 00:43:17.194388,Jeans,Clothing,West,3,740.8,0.0,2222.4,818.35,2023-10
ORD0390,C0174,2023-10-11 18:13:42.444889,Coffee,Food & Beverage,North,4,475.49,0.15,1616.67,304.5,2023-10
ORD0391,C0024,2023-10-12 11:44:07.695390,Smartphone,Electronics,West,4,18132.51,0.0,72530.04,13677.17,2023-10
ORD0392,C0114,2023-10-13 05:14:32.945891,Saree,Clothing,West,5,1025.12,0.1,4613.04,718.62,2023-10
ORD0393,C0032,2023-10-13 22:44:58.196392,T-Shirt,Clothing,North,5,740.78,0.05,3518.7,303.56,2023-10
ORD0394,C0175,2023-10-14 16:15:23.446893,Protein Bar,Food & Beverage,West,5,361.64,0.05,1717.79,156.99,2023-10
ORD0395,C0086,2023-10-15 09:45:48.697394,Tablet,Electronics,North,5,15749.78,0.15,66936.56,2715.64,2023-10
ORD0396,C0151,2023-10-16 03:16:13.947895,Saree,Clothing,South,4,1034.81,0.15,3518.35,534.05,2023-10
ORD0397,C0194,2023-10-16 20:46:39.198396,T-Shirt,Clothing,West,3,733.72,0.0,2201.16,442.63,2023-10
ORD0398,C0127,2023-10-17 14:17:04.448897,Kurta,Clothing,East,5,655.74,0.0,3278.7,735.55,2023-10
ORD0399,C0155,2023-10-18 07:47:29.699398,Laptop,Electronics,South,1,13726.16,0.1,12353.54,2403.51,2023-10
ORD0400,C0130,2023-10-19 01:17:54.949899,Cricket Bat,Sports,South,3,3268.01,0.0,9804.03,2491.76,2023-10
ORD0401,C0017,2023-10-19 18:48:20.200400,T-Shirt,Clothing,West,2,1006.21,0.1,1811.18,341.43,2023-10
ORD0402,C0104,2023-10-20 12:18:45.450901,Wardrobe,Furniture,South,1,7354.06,0.15,6250.95,522.41,2023-10
ORD0403,C0161,2023-10-21 05:49:10.701402,Jacket,Clothing,East,5,1108.18,0.1,4986.81,1337.05,2023-10
ORD0404,C0137,2023-10-21 23:19:35.951903,Cricket Bat,Sports,East,1,2511.04,0.0,2511.04,843.36,2023-10
ORD0405,C0043,2023-10-22 16:50:01.202404,Saree,Clothing,West,3,1096.96,0.0,3290.88,1023.83,2023-10
ORD0406,C0176,2023-10-23 10:20:26.452905,Jacket,Clothing,South,3,880.7,0.1,2377.89,500.04,2023-10
ORD0407,C0039,2023-10-24 03:50:51.703406,Kurta,Clothing,East,3,868.65,0.0,2605.95,1012.29,2023-10
ORD0408,C0170,2023-10-24 21:21:16.953907,Dumbbells,Sports,North,3,3480.59,0.0,10441.77,2014.6,2023-10
ORD0409,C0026,2023-10-25 14:51:42.204408,Olive Oil,Food & Beverage,East,1,468.07,0.0,468.07,134.55,2023-10
ORD0410,C0099,2023-10-26 08:22:07.454909,Olive Oil,Food & Beverage,South,3,248.4,0.1,670.68,43.96,2023-10
ORD0411,C0050,2023-10-27 01:52:32.705410,Smartphone,Electronics,East,5,14735.5,0.1,66309.75,9960.72,2023-10
ORD0412,C0153,2023-10-27 19:22:57.955911,Saree,Clothing,South,1,742.89,0.05,705.75,198.06,2023-10
ORD0413,C0152,2023-10-28 12:53:23.206412,Headphones,Electronics,North,1,18200.81,0.1,16380.73,3926.21,2023-10
ORD0414,C0013,2023-10-29 06:23:48.456913,Kurta,Clothing,West,4,737.83,0.0,2951.32,677.64,2023-10
ORD0415,C0060,2023-10-29 23:54:13.707414,Tablet,Electronics,South,2,12652.38,0.2,20243.81,688.11,2023-10
ORD0416,C0135,2023-10-30 17:24:38.957915,Green Tea,Food & Beverage,North,4,363.36,0.0,1453.44,318.72,2023-10
ORD0417,C0057,2023-10-31 10:55:04.208416,LED TV,Electronics,West,3,13722.41,0.0,41167.23,12227.77,2023-10
ORD0418,C0036,2023-11-01 04:25:29.458917,Dining Table,Furniture,East,5,11523.34,0.0,57616.7,13200.7,2023-11
ORD0419,C0173,2023-11-01 21:55:54.709418,Saree,Clothing,North,2,731.14,0.0,1462.28,569.56,2023-11
ORD0420,C0020,2023-11-02 15:26:19.959919,Office Chair,Furniture,North,1,8964.84,0.0,8964.84,901.91,2023-11
ORD0421,C0065,2023-11-03 08:56:45.210420,LED TV,Electronics,North,2,17847.1,0.0,35694.2,13625.09,2023-11
ORD0422,C0008,2023-11-04 02:27:10.460921,Nuts Pack,Food & Beverage,South,2,349.6,0.0,699.2,201.54,2023-11
ORD0423,C0144,2023-11-04 19:57:35.711422,Cricket Bat,Sports,East,4,3629.3,0.0,14517.2,4612.37,2023-11
ORD0424,C0142,2023-11-05 13:28:00.961923,Protein Bar,Food & Beverage,East,2,247.33,0.05,469.93,48.3,2023-11
ORD0425,C0115,2023-11-06 06:58:26.212424,Running Shoes,Sports,East,4,2618.81,0.1,9427.72,496.99,2023-11
ORD0426,C0143,2023-11-07 00:28:51.462925,Office Chair,Furniture,North,1,7148.94,0.1,6434.05,498.11,2023-11
ORD0427,C0092,2023-11-07 17:59:16.713426,Nuts Pack,Food & Beverage,North,1,305.03,0.0,305.03,53.16,2023-11
ORD0428,C0098,2023-11-08 11:29:41.963927,Saree,Clothing,South,2,942.14,0.05,1790.07,334.13,2023-11
ORD0429,C0066,2023-11-09 05:00:07.214428,Olive Oil,Food & Beverage,East,4,506.16,0.05,1923.41,259.82,2023-11
ORD0430,C0032,2023-11-09 22:30:32.464929,Olive Oil,Food & Beverage,East,3,460.81,0.05,1313.31,179.75,2023-11
ORD0431,C0191,2023-11-10 16:00:57.715430,Jacket,Clothing,East,4,1145.76,0.15,3895.58,138.3,2023-11
ORD0432,C0086,2023-11-11 09:31:22.965931,Jeans,Clothing,South,3,968.29,0.15,2469.14,431.68,2023-11
ORD0433,C0051,2023-11-12 03:01:48.216432,Headphones,Electronics,North,2,20396.92,0.0,40793.84,9512.14,2023-11
ORD0434,C0153,2023-11-12 20:32:13.466933,Kurta,Clothing,East,3,874.3,0.2,2098.32,66.34,2023-11
ORD0435,C0186,2023-11-13 14:02:38.717434,Jeans,Clothing,North,1,726.55,0.0,726.55,107.63,2023-11
ORD0436,C0063,2023-11-14 07:33:03.967935,Tablet,Electronics,North,2,21080.29,0.15,35836.49,8261.75,2023-11
ORD0437,C0190,2023-11-15 01:03:29.218436,Headphones,Electronics,South,4,13499.48,0.05,51298.02,12089.21,2023-11
ORD0438,C0125,2023-11-15 18:33:54.468937,Jacket,Clothing,East,1,1089.99,0.0,1089.99,373.65,2023-11
ORD0439,C0150,2023-11-16 12:04:19.719438,Office Chair,Furniture,West,2,7337.59,0.0,14675.18,2870.21,2023-11
ORD0440,C0058,2023-11-17 05:34:44.969939,Tablet,Electronics,West,3,14686.68,0.05,41857.04,13115.72,2023-11
ORD0441,C0058,2023-11-17 23:05:10.220440,Saree,Clothing,South,1,568.48,0.0,568.48,135.16,2023-11
ORD0442,C0086,2023-11-18 16:35:35.470941,Nuts Pack,Food & Beverage,East,5,291.28,0.0,1456.4,459.67,2023-11
ORD0443,C0049,2023-11-19 10:06:00.721442,T-Shirt,Clothing,North,1,825.09,0.1,742.58,233.54,2023-11
ORD0444,C0180,2023-11-20 03:36:25.971943,Dining Table,Furniture,North,4,6357.86,0.0,25431.44,4915.92,2023-11
ORD0445,C0170,2023-11-20 21:06:51.222444,Smartphone,Electronics,East,4,17362.95,0.2,55561.44,6913.0,2023-11
ORD0446,C0070,2023-11-21 14:37:16.472945,Olive Oil,Food & Beverage,South,2,360.32,0.1,648.58,72.06,2023-11
ORD0447,C0015,2023-11-22 08:07:41.723446,T-Shirt,Clothing,South,2,574.17,0.2,918.67,191.99,2023-11
ORD0448,C0054,2023-11-23 01:38:06.973947,Yoga Mat,Sports,North,1,2162.5,0.0,2162.5,797.32,2023-11
ORD0449,C0188,2023-11-23 19:08:32.224448,Kurta,Clothing,South,1,571.6,0.1,514.44,36.38,2023-11
ORD0450,C0101,2023-11-24 12:38:57.474949,Wardrobe,Furniture,East,3,10007.24,0.0,30021.72,3092.05,2023-11
ORD0451,C0008,2023-11-25 06:09:22.725450,T-Shirt,Clothing,South,5,1085.69,0.15,4614.18,786.85,2023-11
ORD0452,C0053,2023-11-25 23:39:47.975951,Coffee,Food & Beverage,North,3,474.77,0.05,1353.09,298.09,2023-11
ORD0453,C0060,2023-11-26 17:10:13.226452,T-Shirt,Clothing,West,2,1137.14,0.0,2274.28,273.12,2023-11
ORD0454,C0108,2023-11-27 10:40:38.476953,T-Shirt,Clothing,South,4,1102.67,0.05,4190.15,1548.31,2023-11
ORD0455,C0005,2023-11-28 04:11:03.727454,Jacket,Clothing,South,5,917.8,0.0,4589.0,761.93,2023-11
ORD0456,C0103,2023-11-28 21:41:28.977955,Saree,Clothing,East,4,857.11,0.1,3085.6,762.2,2023-11
ORD0457,C0196,2023-11-29 15:11:54.228456,Smartphone,Electronics,West,2,18440.21,0.05,35036.4,2683.58,2023-11
ORD0458,C0006,2023-11-30 08:42:19.478957,Protein Bar,Food & Beverage,East,4,459.62,0.05,1746.56,540.71,2023-11
ORD0459,C0109,2023-12-01 02:12:44.729458,Green Tea,Food & Beverage,East,4,284.29,0.1,1023.44,241.68,2023-12
ORD0460,C0116,2023-12-01 19:43:09.979959,LED TV,Electronics,East,4,15189.06,0.0,60756.24,10782.37,2023-12
ORD0461,C0094,2023-12-02 13:13:35.230460,Jeans,Clothing,South,4,1105.65,0.05,4201.47,1270.86,2023-12
ORD0462,C0047,2023-12-03 06:44:00.480961,Saree,Clothing,West,3,678.64,0.05,1934.12,644.94,2023-12
ORD0463,C0099,2023-12-04 00:14:25.731462,Olive Oil,Food & Beverage,South,1,408.71,0.0,408.71,95.29,2023-12
ORD0464,C0055,2023-12-04 17:44:50.981963,Cricket Bat,Sports,South,1,2278.12,0.2,1822.5,347.94,2023-12
ORD0465,C0168,2023-12-05 11:15:16.232464,Headphones,Electronics,North,5,18835.69,0.0,94178.45,26237.27,2023-12
ORD0466,C0052,2023-12-06 04:45:41.482965,Sofa,Furniture,North,4,10551.44,0.1,37985.18,3615.52,2023-12
ORD0467,C0144,2023-12-06 22:16:06.733466,Kurta,Clothing,West,5,1128.62,0.15,4796.63,1026.54,2023-12
ORD0468,C0013,2023-12-07 15:46:31.983967,Protein Bar,Food & Beverage,East,3,388.98,0.1,1050.25,190.02,2023-12
ORD0469,C0114,2023-12-08 09:16:57.234468,Smartphone,Electronics,West,1,17420.43,0.0,17420.43,2238.1,2023-12
ORD0470,C0124,2023-12-09 02:47:22.484969,Saree,Clothing,North,5,1109.13,0.2,4436.52,321.42,2023-12
ORD0471,C0106,2023-12-09 20:17:47.735470,T-Shirt,Clothing,East,3,574.35,0.0,1723.05,577.43,2023-12
ORD0472,C0158,2023-12-10 13:48:12.985971,Kurta,Clothing,East,3,570.08,0.0,1710.24,641.31,2023-12
ORD0473,C0147,2023-12-11 07:18:38.236472,Saree,Clothing,East,2,920.57,0.1,1657.03,512.57,2023-12
ORD0474,C0145,2023-12-12 00:49:03.486973,Wardrobe,Furniture,South,5,10443.07,0.05,49604.58,14247.38,2023-12
ORD0475,C0120,2023-12-12 18:19:28.737474,Smartphone,Electronics,North,3,21649.67,0.0,64949.01,16776.54,2023-12
ORD0476,C0063,2023-12-13 11:49:53.987975,Running Shoes,Sports,East,2,3049.02,0.15,5183.33,1241.56,2023-12
ORD0477,C0019,2023-12-14 05:20:19.238476,Smartphone,Electronics,West,5,18597.44,0.1,83688.48,13552.24,2023-12
ORD0478,C0092,2023-12-14 22:50:44.488977,Tablet,Electronics,East,1,18231.08,0.2,14584.86,305.41,2023-12
ORD0479,C0058,2023-12-15 16:21:09.739478,Nuts Pack,Food & Beverage,East,1,295.22,0.1,265.7,49.57,2023-12
ORD0480,C0183,2023-12-16 09:51:34.989979,Green Tea,Food & Beverage,South,4,436.91,0.0,1747.64,264.65,2023-12
ORD0481,C0090,2023-12-17 03:22:00.240480,Jacket,Clothing,East,3,968.98,0.2,2325.55,615.07,2023-12
ORD0482,C0117,2023-12-17 20:52:25.490981,Green Tea,Food & Beverage,East,4,267.0,0.1,961.2,75.43,2023-12
ORD0483,C0062,2023-12-18 14:22:50.741482,Coffee,Food & Beverage,West,2,268.68,0.1,483.62,152.0,2023-12
ORD0484,C0023,2023-12-19 07:53:15.991983,Wardrobe,Furniture,North,3,11271.0,0.0,33813.0,10861.68,2023-12
ORD0485,C0127,2023-12-20 01:23:41.242484,Olive Oil,Food & Beverage,West,3,253.41,0.15,646.2,136.86,2023-12
ORD0486,C0137,2023-12-20 18:54:06.492985,Kurta,Clothing,East,4,782.4,0.05,2973.12,576.16,2023-12
ORD0487,C0140,2023-12-21 12:24:31.743486,Coffee,Food & Beverage,North,3,399.53,0.1,1078.73,188.63,2023-12
ORD0488,C0129,2023-12-22 05:54:56.993987,Jeans,Clothing,West,2,607.89,0.05,1154.99,270.23,2023-12
ORD0489,C0058,2023-12-22 23:25:22.244488,Headphones,Electronics,North,3,14415.05,0.0,43245.15,7340.94,2023-12
ORD0490,C0122,2023-12-23 16:55:47.494989,LED TV,Electronics,West,4,18587.93,0.0,74351.72,12130.64,2023-12
ORD0491,C0001,2023-12-24 10:26:12.745490,Laptop,Electronics,East,3,17260.9,0.15,44015.3,2911.37,2023-12
ORD0492,C0034,2023-12-25 03:56:37.995991,Saree,Clothing,South,4,735.13,0.05,2793.49,278.46,2023-12
ORD0493,C0096,2023-12-25 21:27:03.246492,T-Shirt,Clothing,South,2,740.43,0.0,1480.86,232.82,2023-12
ORD0494,C0126,2023-12-26 14:57:28.496993,Jacket,Clothing,West,1,1111.81,0.0,1111.81,290.63,2023-12
ORD0495,C0118,2023-12-27 08:27:53.747494,Cricket Bat,Sports,East,4,1781.65,0.05,6770.27,1464.14,2023-12
ORD0496,C0048,2023-12-28 01:58:18.997995,Dining Table,Furniture,South,4,7912.98,0.15,26904.13,3956.02,2023-12
ORD0497,C0089,2023-12-28 19:28:44.248496,T-Shirt,Clothing,East,5,1129.53,0.15,4800.5,854.7,2023-12
ORD0498,C0117,2023-12-29 12:59:09.498997,Jacket,Clothing,North,4,913.7,0.0,3654.8,1090.96,2023-12
ORD0499,C0129,2023-12-30 06:29:34.749499,Sofa,Furniture,West,5,7383.32,0.0,36916.6,5716.58,2023-12
ORD0500,C0016,2023-12-31 00:00:00.000000,Tablet,Electronics,West,1,19927.72,0.0,19927.72,7605.78,2023-12
