customerNumber,customerName,contactLastName,contactFirstName,Phone,postalCode,country,salesRepEmployeeNumber,creditLimit,Weight
 ,Atelier graphique,Schmitt,Carine ,+509-7346-2347,31302,France,1370,21000,74.08
112,Signal Gift Stores,King,Jean,+837-7641-2324,41811,USA,1166,71800,75.06
114,"Australian Collectors, Co.",Ferguson,Peter,+823-6737-4181,37873,Australia,1611,117300,54.09
119,La Rochelle Gifts,Labrune,Janine ,+192-5609-3665,36255,France,1370,118200,51.66
121,Baane Mini Imports,Bergulfsen,Jonas ,+768-5952-3905,31113,Null,1504,81700,46.04
124,Mini Gifts Distributors Ltd.,Nelson,Susan,+538-6579-2325,29227,USA,1165,210500,69.07
 ,Havel & Zbyszek Co,Piestrzeniewicz,Zbyszek ,+674-8104-3630,15868,Germany,NULL,0,67.07
128,"Blauer See Auto, Co.",Keitel,Roland,+858-8250-2059,13481,Germany,1504,59700,63.09
129,Mini Wheels Co.,Murphy,Julie,+789-5068-5593,15865,USA,1165,64600,74.05
131,Land of Toys Inc.,Lee,Kwai,+649-7829-2189,38589,USA,1323,114900,55.09
141,Euro+ Shopping Channel,Freyre,Diego ,+521-7273-2545,17147,Spain,1370,227600,68.08
144,"Volvo Model Replicas, Co",Berglund,Christina ,+193-8362-3009,39446,Singapore,1504,53100,61.12
145,Danish Wholesale Imports,Petersen,Jytte ,+423-7379-3982,27088,Germany,1401,83400,56.03
146,"Saveley & Henriot, Co.",Saveley,Mary ,+594-7294-5144,13538,France,1337,123900,74.06
148,"Dragon Souveniers, Ltd.",Natividad,Eric,+771-5142-2226,42960,Singapore,1621,103800,77.06
151,Muscle Machine Inc,Young,Jeff,+195-6329-5248,34862,Null,1286,138500,48.01
157,Diecast Classics Inc.,Leong,Kelvin,+473-8340-5392,37236,USA,1216,100600,46.04
161,Technics Stores Inc.,Hashimoto,Juri,+596-5343-5701,25851,USA,1165,84600,64.06
166,Handji Gifts& Co,Victorino,Wendy,+253-8207-2134,22686,Singapore,1612,97900,78.02
167,Herkku Gifts,Oeztan,Veysel,+671-8786-2162,30426,Germany,1504,96800,47.04
168,                American Souvenirs Inc,Franco,Keith,+749-5662-2556,36924,Null,1286,0,77.05
169,Porto Imports Co.,de Castro,Isabel ,+629-8621-4934,45584,Germany,NULL,0,71.06
172,"La Corne D'abondance, Co.",Bertrand,Marie,+109-7609-3316,37644,France,1337,84300,65.01
173,Cambridge Collectables Co.,Tseng,Jerry,+785-6703-2820,14585,USA,1188,43400,75.66
175,Gift Depot Inc.,King,Julie,+166-8187-5555,34558,USA,1323,84300,54.07
177,Osaka Souveniers Co.,Kentary,Mory,+116-8807-2753,12571,Null,1621,81200,47.09
181,Vitachrome Inc.,Frick,Michael,+166-8301-2717,25476,USA,1286,76400,51.01
186,"Toys of Finland, Co.",Karttunen,Matti,+759-7144-3549,13956,Finland,1501,96500,63.05
187,"AV Stores, Co.",Ashworth,Rachel,+488-5270-3488,13041,UK,1501,136800,80.09
189,"Clover Collections, Co.",Cassidy,Dean,+353-6447-4334,44604,Singapore,1504,69400,60.05
198,Auto-Moto Classics Inc.,Taylor,Leslie,+312-8303-4098,22285,USA,1216,23000,48.09
201,"UK Collectables, Ltd.",Devon,Elizabeth,+887-6517-5022,35511,UK,1501,92700,66.06
202,Canadian Gift Exchange Network,Tamuri,Yoshi ,+291-7927-5798,21463,Finland,1323,90300,62.08
204,Online Mini Collectables,Barajas,Miguel,+797-8735-2795,32583,USA,1188,68700,49.33
205,Toys4GrownUps.com,Young,Julie,+151-7258-2214,41093,USA,1166,90700,69.1
206," Asian Shopping Network, Co",Walker,Brydey,+799-7143-3544,21262,Singapore,NULL,0,68.33
209,Mini Caravy,Citeaux,Caravy,+670-7389-4440,46507,France,1370,53800,53.02
211,"King Kong Collectables, Co.",Gao,Mike,+826-6995-4795,44502,Germany,1621,58600,57.06
216,Enaco Distributors,Saavedra,Eduardo ,+712-8071-3066,17941,Spain,1702,60300,56.04
219,Boards & Toys Co.,Young,Mary,+388-6614-4700,22137,USA,1166,11000,59.02
227,Heintze Collectables,Ibsen,Palle,+554-5543-3649,32640,Germany,1401,120800,64
237,  ANG Resellers,Camino,Alejandra ,+177-8212-2067,30148,Spain,NULL,0,49.09
239,Collectable Mini Designs Co.,Thompson,Valarie,+113-7223-5743,20969,USA,1166,105000,48.09
240,giftsbymail.co.uk,Bennett,Helen ,+583-5574-3626,43722,UK,1501,93900,65.07
242,Alpha Cognac   ,Roulet,Annette ,+112-7601-2419,25012,France,1370,61100,60.07
247,Messner Shopping Network,Messner,Renate ,+770-7063-3292,32599,Germany,NULL,0,57.01
249,      Amica Models & Co.,Accorti,Paolo ,+887-8936-3502,30304,Germany,1401,113000,51.01
250,Lyon Souveniers,Da Silva,Daniel,+384-5641-3813,29045,France,1337,68100,59.07
256,Auto Associés & Cie.,Tonini,Daniel ,+244-6267-4368,13840,France,1370,77900,77.06
259,"Toms Spezialitäten, Ltd",Pfalzheim,Henriette ,+212-7400-5969,23039,Germany,1504,120400,45.07
260,"Royal Canadian Collectables, Ltd.",Lincoln,Elizabeth ,+231-5126-4796,27088,Finland,1323,89600,80
273,"Franken Gifts, Co",Franken,Peter ,+843-5917-5501,35246,Germany,NULL,0,48.05
276,"Anna's Decorations, Ltd",O'Hara,Anna,+450-8073-5712,44299,Australia,1611,107800,65.02
278,Rovelli Gifts,Rovelli,Giovanni ,+169-7148-4675,12379,Germany,1401,119600,71.01
282,Souveniers And Things Co.,Huxley,Adrian,+673-5642-3789,16555,Australia,1611,93300,55.08
286,Marta's Replicas Co.,Hernandez,Marta,+490-8479-3425,24565,USA,1216,123700,78.03
293,BG&E Collectables,Harrison,Ed,+209-6432-4873,22687,Germany,NULL,0,60.04
298,"Vida Sport, Ltd",Holz,Mihael,+832-8755-2695,41040,Germany,1702,141300,60.02
299,"Norway Gifts By Mail, Co.",Klaeboe,Jan,+582-7509-2002,44674,Australia,1504,95100,47
303,Schuyler Imports,Schuyler,Bradley,+837-6448-3451,47371,Australia,NULL,0,60.02
307,Der Hund Imports,Andersen,Mel,+881-6900-2521,14761,Germany,NULL,0,79.09
311,"Oulu Toy Supplies, Inc.",Koskitalo,Pirkko,+684-7099-5081,25566,Finland,1501,90500,49.08
314,Petit Auto,Dewey,Catherine ,+168-6418-5329,23876,Australia,1401,79900,47.08
319,Mini Classics,Frick,Steve,+856-7080-2954,20452,USA,1323,102700,66.01
320,Mini Creations Ltd.,Huang,Wing,+252-5475-4261,43637,USA,1188,94500,71.03
321,Corporate Gift Ideas Co.,Brown,Julie,+130-5766-4769,43529,USA,1165,105000,55.08
323,"Down Under Souveniers, Inc",Graham,Mike,+709-7774-3851,11398,Germany,1612,88000,50.03
324,"Stylish Desk Decors, Co.",Brown,Ann ,+685-8793-2927,18699,UK,1501,77000,49.08
328,Tekni Collectables Inc.,Brown,William,+116-6986-4984,11074,USA,1323,43000,74.01
333,"Australian Gift Network, Co",Calaghan,Ben,+140-7672-2308,33888,Australia,1611,51600,45.02
334,Suominen Souveniers,Suominen,Kalle,+781-5018-5638,21105,Finland,1501,98800,47.09
335,"Cramer Spezialitäten, Ltd",Cramer,Philip ,+775-6856-5791,38299,Germany,NULL,0,74.03
339,"Classic Gift Ideas, Inc",Cervantes,Francisca,+563-8832-2589,24194,USA,1188,81100,50.01
344,CAF Imports,Fernandez,Jesus,+170-8496-5967,45056,Spain,1702,59600,47.02
347,"Men 'R' US Retailers, Ltd.",Chandler,Brian,+539-6735-2102,39583,USA,1166,57700,79.03
348,"Asian Treasures, Inc.",McKenna,Patricia ,+377-5870-2233,34708,Finland,NULL,0,49.01
350,Marseille Mini Autos,Lebihan,Laurence ,+192-7462-5247,18662,France,1337,65000,72.02
353,Reims Collectables,Henriot,Paul ,+610-8852-2097,20983,France,1337,81100,61.09
356,"SAR Distributors, Co",Kuger,Armand,+397-5944-2613,43813,Australia,NULL,0,50.02
357,GiftsForHim.com,MacKinlay,Wales,+784-7407-3534,38628,Germany,1612,77700,61.05
361,Kommission Auto,Josephs,Karin,+214-6217-4967,17583,Germany,NULL,0,67.01
362,Gifts4AllAges.com,Yoshido,Juri,+312-6363-3829,41986,USA,1216,41900,47.08
363,Online Diecast Creations Co.,Young,Dorothy,+509-7027-3445,22003,USA,1216,114200,65.07
369,"Lisboa Souveniers, Inc",Rodriguez,Lino ,+664-5883-4875,18291,Germany,NULL,0,63.09
376,Precious Collectables,Urs,Braun,+876-6194-2781,41088,Singapore,1702,0,60.06
379,Collectables For Less Inc.,Nelson,Allen,+389-8224-3342,23562,USA,1188,70700,74.02
381,Royale Belge,Cartrain,Pascale ,+685-5463-4813,28841,Japan,1401,23500,48
382,Salzburg Collectables,Pipps,Georg ,+401-7172-2108,27221,Japan,1401,71700,58.01
385,Cruz & Sons Co.,Cruz,Arnold,+285-8587-4118,32024,Japan,1621,81500,65.03
386,L'ordine Souveniers,Moroni,Maurizio ,+229-8047-2018,35997,Singapore,1401,121400,74.05
398,"Tokyo Collectables, Ltd",Shimamura,Akiko,+316-5550-4364,48305,Japan,1621,94400,69.06
406,Auto Canal+ Petit,Perrier,Dominique,+688-7496-2446,42537,France,1337,95000,48.02
412,"Extreme Desk Decorations, Ltd",McRoy,Sarah,+489-6435-3359,39111,Singapore,1612,86800,52.04
415,"Bavarian Collectables Imports, Co.",Donnermeyer,Michael,+634-7323-2443,42620,Germany,1504,77000,46.02
424,Classic Legends Inc.,Hernandez,Maria,+317-7402-3567,18513,USA,1286,67500,50.06
443,"Feuer Online Stores, Inc",Feuer,Alexander ,+891-8602-4411,23964,Germany,NULL,0,74.04
447,Gift Ideas Corp.,Lewis,Dan,+621-8824-4407,40398,USA,1323,49700,70.07
448,Scandinavian Gift Ideas,Larsson,Martha,+625-7920-4064,11960,Finland,1504,116400,70
450,The Sharp Gifts Warehouse,Frick,Sue,+181-5544-5602,27103,USA,1165,77600,79.08
452,Mini Auto Werke,Mendel,Roland ,+892-8025-3211,18079,Japan,1401,45300,64.08
455,Super Scale Inc.,Murphy,Leslie,+897-8439-3491,33709,USA,1286,95400,74.04
456,Microscale Inc.,Choi,Yu,+526-8861-3078,48472,USA,1286,39800,64.04
458,"Corrida Auto Replicas, Ltd",Sommer,Corrida,+331-7299-5902,45362,Spain,1702,104600,56.1
459,Warburg Exchange,Ottlieb,Sven ,+449-5722-4381,12264,Germany,NULL,0,79.06
462,FunGiftIdeas.com,Benitez,Violeta,+802-5476-5752,16155,USA,1216,85800,76.07
465,"Anton Designs, Ltd.",Anton,Carmen,+376-7653-5286,28820,Spain,NULL,0,58.01
471,"Australian Collectables, Ltd",Clenahan,Sean,+147-6547-5314,15708,Australia,1611,60300,66
473,Frau da Collezione,Ricotti,Franco,+231-8363-3093,16902,Singapore,1401,34800,61.04
475,West Coast Collectables Co.,Thompson,Steve,+527-5367-4128,19296,USA,1166,55400,48.08
480,"Kremlin Collectables, Co.",Semenov,Alexander ,+647-6724-2106,32495,Japan,NULL,0,76.04
484,"Iberia Gift Imports, Corp.",Roel,Iberia,+398-8988-5475,24892,Spain,1702,65700,71.02
486,Motor Mint Distributors Inc.,Salazar,Rosa,+549-5282-5018,22314,USA,1323,72600,45.05
487,Signal Collectibles Ltd.,Taylor,Sue,+347-6503-2556,34216,USA,1165,60300,73.06
489,"Double Decker Gift Stores, Ltd",Smith,Thomas ,+157-8369-3250,16256,UK,1501,43300,76.08
495,Diecast Collectables,Franco,Valarie,+768-8183-2037,33774,USA,1188,85100,71.09
496,Kelly's Gift Shop,Snowden,Tony,+567-6168-2041,17319,Singapore,1612,110000,78.05
497,    ABC   ,Franco,Valarie,+768-8183-2037,33774,USA,1188,85100,71.09
