customerNumber,customerName,contactLastName,contactFirstName,country
455,Super Scale Inc.,Murphy,Leslie,USA
456,Microscale Inc.,Choi,Yu,USA
458,"Corrida Auto Replicas, Ltd",Sommer,Corrida,Spain
459,Warburg Exchange,Ottlieb,Sven ,Germany
462,FunGiftIdeas.com,Benitez,Violeta,USA
465,"Anton Designs, Ltd.",Anton,Carmen,Spain
471,"Australian Collectables, Ltd",Clenahan,Sean,Australia
473,Frau da Collezione,Ricotti,Franco,Singapore
475,West Coast Collectables Co.,Thompson,Steve,USA
480,"Kremlin Collectables, Co.",Semenov,Alexander ,Japan
484,"Iberia Gift Imports, Corp.",Roel,Iberia,Spain
486,Motor Mint Distributors Inc.,Salazar,Rosa,USA
487,Signal Collectibles Ltd.,Taylor,Sue,USA
489,"Double Decker Gift Stores, Ltd",Smith,Thomas ,UK
495,Diecast Collectables,Franco,Valarie,USA
496,Kelly's Gift Shop,Snowden,Tony,Singapore
