Transaction ID;Customer ID;Order Date;Ship Date;Units Sold;Unit Price ;Unit Cost 
770.0;32.0;5/13/2014;5/29/2014;5366;668.27;502.54
162.0;24.0;10/6/2014;11/11/2014;277;47.45;31.79
9.0;753.0;11/21/2014;1/10/2015;2431;421.89;364.69
249.0;424.0;7/2/2014;7/28/2014;6987;255.28;159.42
82.0;101.0;7/15/2014;8/15/2014;735;154.06;90.93
823.0;94.0;6/3/2014;6/3/2014;3180;651.21;524.96
559.0;91.0;6/12/2014;6/20/2014;6972;651.21;524.96
49.0;15.0;3/16/2014;4/27/2014;6962;81.73;56.67
729.0;21.0;10/4/2014;11/13/2014;9186;668.27;502.54
119.0;24.0;2/1/2014;3/20/2014;1040;421.89;364.69
885.0;388.0;3/9/2014;3/31/2014;4334;437.2;263.33
316.0;39.0;7/15/2014;7/21/2014;7739;47.45;31.79
395.0;322.0;7/1/2014;7/26/2014;7694;9.33;6.92
997.0;28.0;11/21/2014;11/28/2014;5574;651.21;524.96
578.0;54.0;1/22/2014;3/2/2014;9606;437.2;263.33
620.0;73.0;8/23/2014;10/2/2014;4342;152.58;97.44
383.0;84.0;5/13/2014;5/20/2014;6437;109.28;35.84
709.0;40.0;12/4/2014;12/24/2014;9400;109.28;35.84
125.0;93.0;1/10/2014;2/11/2014;2722;437.2;263.33
351.0;75.0;7/24/2014;9/5/2014;3311;152.58;97.44
871.0;50.0;11/23/2014;12/11/2014;5448;668.27;502.54
726.0;828.0;10/10/2014;11/28/2014;9166;651.21;524.96
576.0;55.0;10/2/2014;10/18/2014;2669;421.89;364.69
701.0;490.0;12/16/2014;1/1/2015;9211;205.7;117.11
146.0;345.0;4/13/2014;5/2/2014;1978;47.45;31.79
428.0;67.0;10/30/2014;12/11/2014;1179;81.73;56.67
618.0;115.0;11/2/2014;12/3/2014;778;651.21;524.96
663.0;145.0;2/18/2014;2/18/2014;2900;152.58;97.44
939.0;122.0;11/9/2014;12/27/2014;8479;651.21;524.96
790.0;125.0;7/20/2014;8/27/2014;9354;205.7;117.11
187.0;127.0;10/7/2014;10/25/2014;8496;81.73;56.67
860.0;129.0;4/1/2014;5/12/2014;6596;9.33;6.92
254.0;130.0;8/7/2014;8/15/2014;1786;437.2;263.33
749.0;140.0;11/15/2014;11/15/2014;6386;668.27;502.54
935.0;140.0;9/4/2014;9/13/2014;5372;152.58;97.44
91.0;142.0;2/6/2014;3/28/2014;3941;109.28;35.84
942.0;143.0;8/12/2014;8/17/2014;9826;651.21;524.96
773.0;146.0;12/6/2014;12/30/2014;1414;421.89;364.69
332.0;151.0;8/16/2014;10/5/2014;5145;109.28;35.84
57.0;242.0;4/12/2014;4/15/2014;8327;9.33;6.92
950.0;967.0;3/2/2014;4/20/2014;8497;9.33;6.92
897.0;158.0;12/26/2014;2/7/2015;5577;421.89;364.69
63.0;769.0;2/1/2014;2/26/2014;5330;154.06;90.93
511.0;769.0;10/4/2014;11/10/2014;6755;437.2;263.33
781.0;170.0;12/18/2014;1/20/2015;9229;109.28;35.84
792.0;174.0;1/15/2014;1/30/2014;5407;109.28;35.84
999.0;973.0;12/7/2014;1/3/2015;8422;9.33;6.92
278.0;184.0;6/15/2014;6/22/2014;5348;255.28;159.42
319.0;190.0;11/16/2014;12/21/2014;5966;9.33;6.92
867.0;198.0;5/23/2014;6/28/2014;1376;668.27;502.54
994.0;202.0;6/3/2014;6/9/2014;967;437.2;263.33
;;;;277;;
