customer_id,age,gender,location,signup_date
1,56,Female,North,2023-08-08
2,69,Female,South,2023-02-03
3,46,Female,East,2022-12-10
4,32,Female,South,2022-05-20
5,60,Male,South,2022-07-06
6,25,Male,East,2022-03-02
7,38,Male,South,2023-01-15
8,56,Female,East,2023-12-11
9,36,Male,South,2023-03-16
10,40,Male,East,2022-11-15
11,28,Male,North,2022-10-29
12,28,Male,West,2022-12-10
13,41,Female,East,2022-01-11
14,53,Female,East,2022-03-03
15,57,Male,West,2022-08-14
16,41,Male,East,2022-06-02
17,20,Female,East,2023-12-12
18,39,Male,South,2023-07-18
19,19,Male,West,2024-02-11
20,41,Male,North,2023-07-25
21,61,Male,East,2023-08-07
22,47,Female,West,2023-10-22
23,55,Female,South,2023-07-29
24,19,Male,North,2022-11-06
25,38,Male,West,2022-08-31
26,50,Female,North,2023-05-08
27,29,Female,North,2023-01-01
28,39,Female,North,2022-11-26
29,61,Female,East,2022-04-17
30,42,Male,East,2022-08-14
31,66,Male,South,2022-08-06
32,44,Female,South,2024-01-23
33,59,Male,West,2023-05-21
34,45,Female,South,2022-09-16
35,33,Female,North,2024-02-13
36,32,Female,North,2023-06-01
37,64,Male,East,2024-02-12
38,68,Female,North,2022-02-23
39,61,Male,West,2022-02-16
40,69,Female,North,2023-12-28
41,20,Female,North,2023-11-20
42,54,Male,West,2023-06-05
43,68,Other,South,2022-04-09
44,24,Female,South,2022-01-20
45,38,Male,West,2024-01-23
46,26,Male,East,2023-07-27
47,56,Male,North,2023-05-05
48,35,Male,West,2023-02-23
49,21,Male,North,2023-11-21
50,42,Female,East,2022-03-03
51,31,Male,North,2022-05-25
52,67,Male,West,2022-08-04
53,26,Female,North,2022-01-03
54,43,Male,South,2022-06-09
55,19,Female,East,2024-01-09
56,37,Male,East,2024-02-20
57,45,Male,East,2022-04-30
58,64,Female,West,2022-03-30
59,24,Female,East,2022-11-25
60,61,Female,South,2023-08-03
61,25,Female,West,2022-12-23
62,64,Female,South,2023-09-02
63,52,Male,North,2022-09-24
64,31,Male,North,2023-09-09
65,34,Female,North,2022-11-19
66,53,Female,North,2023-09-27
67,67,Other,South,2023-06-25
68,57,Male,West,2023-10-11
69,21,Male,West,2022-07-14
70,19,Female,East,2024-01-08
71,23,Male,South,2022-11-28
72,59,Female,North,2022-06-19
73,21,Female,South,2023-06-05
74,46,Male,East,2023-04-08
75,35,Female,East,2022-02-09
76,43,Female,South,2023-06-21
77,61,Male,South,2022-09-18
78,51,Female,South,2023-01-30
79,27,Female,West,2022-08-14
80,53,Female,North,2022-05-04
81,31,Male,South,2022-02-07
82,48,Female,South,2022-11-24
83,65,Male,South,2022-09-08
84,32,Male,East,2022-06-25
85,25,Female,East,2023-08-25
86,31,Male,West,2023-03-30
87,40,Male,North,2022-02-06
88,57,Female,West,2022-11-12
89,38,Female,North,2023-11-19
90,33,Female,East,2024-03-06
91,62,Female,East,2023-08-16
92,35,Male,East,2022-04-24
93,64,Male,West,2022-02-09
94,41,Male,South,2022-10-28
95,43,Female,South,2022-08-12
96,42,Female,East,2022-11-14
97,62,Female,South,2022-12-15
98,58,Female,South,2022-04-25
99,46,Male,West,2023-11-29
100,32,Female,North,2022-11-19
101,62,Male,East,2023-07-22
102,18,Female,East,2022-02-09
103,42,Male,West,2022-02-09
104,24,Female,West,2024-01-19
105,26,Male,South,2022-10-16
106,41,Male,East,2022-09-19
107,18,Male,North,2022-08-04
108,61,Female,West,2022-05-27
109,25,Female,North,2022-12-02
110,41,Male,North,2022-06-17
111,28,Male,East,2022-04-02
112,68,Female,East,2022-12-19
113,34,Male,West,2023-07-25
114,25,Female,East,2023-07-25
115,52,Female,East,2023-11-12
116,52,Male,East,2024-02-20
117,50,Male,North,2022-12-29
118,22,Other,West,2023-07-11
119,59,Male,South,2022-12-11
120,56,Male,North,2023-11-24
121,58,Female,East,2022-06-19
122,45,Female,North,2022-12-22
123,24,Other,East,2022-07-10
124,26,Female,East,2023-10-29
125,25,Male,North,2023-02-26
126,29,Male,West,2023-12-01
127,51,Female,East,2022-01-07
128,50,Female,West,2022-05-13
129,65,Male,South,2024-01-17
130,40,Female,East,2023-07-11
131,41,Male,West,2024-01-31
132,54,Female,West,2022-01-31
133,52,Male,South,2023-06-19
134,61,Male,West,2023-03-02
135,57,Male,West,2023-01-29
136,39,Male,South,2023-11-03
137,44,Male,East,2022-12-29
138,52,Female,West,2023-03-13
139,18,Female,West,2023-11-01
140,52,Female,West,2023-07-05
141,54,Other,North,2022-03-23
142,64,Male,South,2022-12-22
143,31,Male,North,2022-09-15
144,20,Female,South,2023-12-19
145,18,Male,East,2023-08-12
146,22,Other,East,2023-06-08
147,43,Male,West,2022-10-22
148,31,Other,South,2022-08-12
149,56,Male,East,2023-06-09
150,44,Female,South,2022-02-15
151,26,Female,East,2023-10-29
152,32,Other,North,2022-04-23
153,32,Male,East,2022-08-21
154,43,Female,North,2022-01-17
155,59,Other,East,2022-12-26
156,30,Female,West,2022-08-11
157,68,Female,North,2023-12-01
158,49,Female,East,2023-03-24
159,56,Male,West,2022-12-31
160,66,Female,North,2023-11-06
161,69,Female,West,2022-11-22
162,49,Female,South,2023-04-12
163,21,Male,South,2023-02-18
164,47,Male,North,2023-03-31
165,54,Female,East,2023-08-09
166,40,Female,North,2022-08-21
167,56,Male,West,2022-08-12
168,62,Female,East,2023-02-16
169,32,Male,South,2023-07-26
170,60,Male,East,2022-12-01
171,46,Male,South,2022-08-10
172,53,Male,East,2022-02-06
173,30,Female,East,2022-10-05
174,49,Male,East,2022-07-15
175,24,Other,West,2023-04-29
176,68,Other,West,2022-08-30
177,39,Female,North,2022-11-20
178,45,Female,North,2024-01-01
179,19,Male,South,2022-07-11
180,59,Female,West,2022-01-17
181,62,Female,South,2023-06-08
182,23,Male,North,2023-02-05
183,45,Female,South,2023-12-06
184,45,Female,North,2022-01-22
185,61,Female,West,2023-04-19
186,61,Female,East,2022-04-30
187,37,Female,West,2022-07-29
188,47,Male,South,2022-11-02
189,28,Female,South,2022-09-27
190,45,Female,West,2023-12-05
191,42,Male,West,2023-11-18
192,56,Male,North,2022-10-12
193,50,Male,South,2023-12-17
194,18,Female,South,2023-11-07
195,44,Other,West,2024-02-02
196,69,Male,East,2022-08-15
197,30,Female,South,2023-01-16
198,58,Male,East,2023-04-05
199,20,Other,West,2022-01-07
200,56,Female,West,2022-01-29
201,23,Female,North,2022-02-02
202,25,Male,South,2023-10-08
203,44,Male,East,2022-03-20
204,26,Male,North,2023-04-04
205,54,Male,South,2023-07-24
206,50,Female,North,2023-06-22
207,68,Female,West,2023-04-27
208,59,Other,South,2023-03-06
209,61,Other,North,2024-01-08
210,41,Female,North,2022-10-12
211,32,Female,East,2023-05-31
212,49,Female,North,2022-04-09
213,49,Female,South,2023-02-01
214,41,Male,South,2023-05-04
215,58,Male,East,2022-02-08
216,69,Male,South,2022-09-28
217,66,Female,West,2024-03-07
218,66,Female,South,2022-06-06
219,69,Male,South,2022-03-16
220,29,Female,North,2024-03-10
221,56,Female,North,2022-05-10
222,19,Male,South,2023-11-18
223,20,Male,East,2022-03-25
224,66,Female,North,2022-01-22
225,54,Female,East,2023-04-04
226,66,Female,South,2023-06-23
227,34,Female,South,2023-12-08
228,66,Female,West,2023-01-17
229,19,Female,North,2024-01-18
230,19,Female,South,2023-03-16
231,45,Female,West,2023-08-27
232,40,Male,North,2022-01-21
233,54,Male,South,2022-10-30
234,49,Male,South,2022-03-25
235,50,Female,North,2024-02-13
236,18,Female,North,2023-10-21
237,36,Female,North,2023-03-29
238,19,Male,South,2023-01-22
239,61,Male,South,2023-05-22
240,43,Male,West,2022-09-14
241,49,Male,East,2023-07-24
242,23,Female,North,2023-06-11
243,49,Male,South,2022-06-11
244,21,Male,South,2022-06-12
245,28,Female,North,2024-03-03
246,34,Male,East,2024-03-02
247,55,Female,North,2023-06-08
248,41,Female,East,2024-02-25
249,22,Male,South,2022-09-28
250,69,Female,East,2023-05-07
251,51,Female,West,2022-07-27
252,23,Female,South,2023-06-23
253,39,Male,West,2023-08-07
254,28,Female,North,2022-03-01
255,65,Female,North,2023-03-06
256,33,Male,North,2023-10-19
257,50,Male,East,2023-08-28
258,26,Other,South,2022-11-05
259,23,Female,North,2023-06-04
260,33,Male,North,2023-08-14
261,46,Female,South,2022-01-27
262,20,Male,North,2023-11-17
263,37,Male,West,2023-07-16
264,53,Male,South,2022-07-18
265,36,Male,South,2023-01-22
266,43,Male,South,2022-12-15
267,20,Male,West,2023-11-24
268,36,Female,South,2023-06-20
269,37,Male,West,2023-01-13
270,49,Male,South,2023-07-12
271,24,Female,East,2023-06-11
272,69,Male,North,2022-06-02
273,58,Female,East,2024-01-04
274,50,Male,North,2022-07-25
275,57,Male,West,2023-03-31
276,56,Male,East,2022-09-30
277,35,Male,South,2022-08-24
278,57,Male,North,2024-01-10
279,18,Male,North,2023-06-05
280,28,Male,East,2023-11-09
281,45,Male,West,2023-12-27
282,42,Male,East,2023-05-16
283,67,Male,West,2022-04-27
284,40,Male,West,2023-01-21
285,48,Female,North,2022-12-10
286,47,Female,East,2023-08-07
287,59,Male,East,2023-01-30
288,52,Female,West,2022-03-05
289,24,Female,East,2023-12-18
290,33,Male,South,2023-12-22
291,43,Female,South,2022-03-13
292,65,Female,East,2024-02-28
293,69,Male,East,2022-10-01
294,66,Male,West,2022-11-16
295,19,Female,South,2022-12-04
296,18,Female,South,2023-01-01
297,65,Male,North,2023-05-10
298,29,Male,West,2023-08-30
299,22,Male,North,2022-06-15
300,54,Female,South,2023-06-28
301,49,Female,West,2022-01-11
302,26,Male,East,2022-10-28
303,58,Male,West,2023-12-30
304,52,Female,East,2022-04-12
305,36,Male,East,2023-03-01
306,65,Male,West,2023-01-27
307,33,Female,East,2024-02-18
308,20,Female,North,2022-08-02
309,37,Female,South,2023-11-22
310,41,Female,East,2022-03-29
311,50,Male,North,2023-07-07
312,41,Male,East,2023-02-05
313,69,Female,South,2023-08-11
314,28,Male,North,2022-02-15
315,66,Male,South,2023-11-03
316,25,Male,South,2023-04-08
317,53,Male,North,2023-08-15
318,55,Male,North,2022-11-06
319,57,Male,North,2022-03-27
320,37,Male,West,2022-04-02
321,52,Male,North,2023-10-22
322,65,Female,North,2023-11-04
323,42,Female,North,2023-12-15
324,52,Female,North,2022-08-30
325,42,Female,East,2022-01-02
326,46,Female,West,2022-08-13
327,35,Male,South,2024-01-15
328,63,Female,North,2023-08-12
329,35,Female,East,2022-04-26
330,19,Female,East,2023-10-28
331,52,Male,East,2022-04-13
332,33,Male,South,2022-07-13
333,58,Male,North,2022-06-15
334,53,Male,West,2022-03-31
335,50,Female,West,2023-11-17
336,21,Female,East,2022-05-02
337,50,Male,South,2022-05-23
338,31,Other,South,2022-04-16
339,38,Female,South,2023-03-04
340,65,Male,West,2022-11-01
341,37,Male,East,2022-11-13
342,25,Male,North,2023-09-27
343,24,Male,West,2022-01-09
344,20,Male,East,2024-02-13
345,34,Male,East,2022-03-14
346,50,Male,North,2022-12-25
347,65,Male,North,2022-08-11
348,29,Female,North,2023-02-20
349,68,Male,South,2023-07-07
350,39,Female,North,2023-01-05
351,39,Male,East,2023-12-17
352,63,Other,North,2022-09-21
353,47,Male,East,2023-11-21
354,55,Male,West,2022-11-14
355,55,Other,South,2022-03-25
356,62,Female,West,2022-11-14
357,68,Female,West,2022-04-21
358,25,Male,East,2022-09-08
359,44,Male,West,2023-01-18
360,44,Female,East,2022-01-07
361,51,Female,North,2023-04-04
362,38,Female,North,2022-03-25
363,47,Female,East,2022-07-27
364,50,Male,North,2023-01-25
365,45,Female,South,2022-11-10
366,64,Male,West,2022-01-22
367,50,Male,South,2023-02-14
368,22,Male,West,2023-05-30
369,65,Female,North,2022-05-07
370,36,Male,South,2023-12-01
371,21,Male,North,2022-01-14
372,52,Female,West,2022-01-12
373,66,Male,East,2022-03-28
374,34,Female,East,2023-06-08
375,61,Male,South,2023-06-21
376,45,Female,North,2022-10-28
377,47,Female,North,2022-08-31
378,46,Male,South,2022-05-02
379,63,Male,East,2022-05-27
380,23,Male,West,2023-07-21
381,52,Male,South,2024-01-20
382,58,Other,West,2022-12-22
383,54,Male,East,2023-11-16
384,41,Female,North,2024-01-03
385,46,Male,East,2023-09-23
386,66,Female,South,2022-11-05
387,63,Female,North,2023-11-26
388,48,Female,South,2022-10-15
389,52,Male,South,2022-11-03
390,50,Male,East,2023-08-17
391,69,Male,South,2023-12-24
392,38,Female,East,2023-10-24
393,49,Female,North,2023-07-03
394,40,Other,East,2022-12-18
395,50,Male,North,2022-11-08
396,20,Female,East,2022-02-28
397,35,Female,West,2023-10-05
398,42,Male,West,2023-12-15
399,59,Male,South,2024-01-25
400,48,Female,East,2022-02-04
401,20,Female,East,2023-03-21
402,57,Female,North,2022-04-03
403,63,Male,South,2022-07-26
404,41,Female,East,2022-12-19
405,67,Male,South,2022-11-28
406,49,Male,West,2023-12-26
407,64,Male,East,2022-06-08
408,39,Female,East,2022-01-24
409,40,Female,South,2023-02-08
410,19,Female,East,2023-05-31
411,44,Male,South,2024-01-02
412,59,Female,East,2022-12-30
413,19,Male,North,2023-01-17
414,43,Female,South,2023-06-16
415,34,Male,East,2022-06-01
416,57,Male,West,2023-07-16
417,50,Male,East,2023-11-20
418,26,Male,West,2023-08-31
419,60,Female,West,2023-09-09
420,65,Female,North,2023-02-24
421,56,Male,South,2022-09-07
422,46,Female,East,2022-04-27
423,59,Male,North,2023-05-27
424,43,Female,East,2024-01-10
425,52,Female,West,2023-08-01
426,67,Female,South,2022-12-01
427,42,Male,East,2023-02-22
428,41,Female,East,2024-02-13
429,30,Female,West,2022-10-22
430,24,Male,East,2024-01-25
431,53,Male,East,2023-01-06
432,62,Female,West,2022-07-05
433,37,Female,North,2022-09-03
434,18,Female,West,2023-09-29
435,25,Female,North,2022-09-25
436,63,Female,South,2023-10-05
437,33,Male,North,2022-08-25
438,31,Male,North,2023-06-14
439,29,Male,South,2023-07-06
440,68,Female,North,2022-01-21
441,40,Male,West,2024-01-07
442,32,Female,North,2024-03-04
443,45,Female,South,2023-06-04
444,51,Female,West,2022-04-10
445,19,Male,South,2024-01-22
446,49,Female,South,2023-04-23
447,40,Male,East,2023-08-22
448,39,Female,East,2022-10-25
449,68,Male,South,2023-06-10
450,42,Male,South,2022-11-30
451,39,Female,South,2022-01-02
452,39,Male,East,2023-01-10
453,66,Male,East,2022-10-20
454,69,Female,North,2023-07-07
455,59,Female,North,2022-11-14
456,23,Female,South,2023-05-17
457,32,Female,West,2023-01-16
458,60,Female,West,2023-09-15
459,54,Male,East,2022-01-14
460,50,Male,East,2023-05-19
461,25,Male,East,2022-08-19
462,61,Female,South,2022-03-25
463,61,Female,West,2022-05-10
464,22,Male,North,2024-01-13
465,56,Male,South,2022-05-25
466,21,Female,North,2022-01-28
467,23,Male,North,2022-03-07
468,62,Female,South,2022-06-12
469,49,Female,North,2022-08-17
470,69,Female,West,2022-09-18
471,47,Male,North,2023-03-25
472,64,Female,West,2023-02-28
473,52,Female,West,2023-04-05
474,57,Female,West,2023-11-07
475,69,Female,East,2022-10-28
476,33,Female,North,2022-10-30
477,30,Female,South,2022-10-14
478,67,Male,South,2023-01-30
479,59,Female,North,2022-01-10
480,47,Female,East,2023-12-08
481,36,Male,East,2023-09-22
482,34,Female,West,2022-09-27
483,36,Female,North,2023-08-15
484,45,Female,North,2023-08-28
485,43,Male,South,2024-02-17
486,54,Male,North,2022-12-27
487,43,Other,East,2022-09-14
488,40,Female,North,2022-05-13
489,26,Male,South,2022-10-03
490,29,Female,West,2024-02-15
491,18,Female,South,2023-11-14
492,18,Female,South,2023-05-28
493,64,Female,West,2022-11-09
494,51,Male,South,2023-07-30
495,49,Male,South,2022-10-11
496,65,Male,North,2022-05-01
497,42,Female,North,2022-04-17
498,57,Male,West,2023-11-18
499,62,Male,North,2022-07-23
500,18,Male,North,2022-06-14
