month,channel,spend,conversions
2023-01-01,Facebook,8939.63044391319,275
2023-02-01,Facebook,10114.995840857693,415
2023-03-01,Facebook,5679.38442449509,750
2023-04-01,Facebook,14234.882651206537,428
2023-05-01,Facebook,16153.930593509742,381
2023-06-01,Facebook,5158.6415655177425,278
2023-07-01,Facebook,1315.5216638360748,22
2023-08-01,Facebook,12665.834391677923,103
2023-09-01,Facebook,11468.986323138673,175
2023-10-01,Facebook,8341.55752306309,682
2023-11-01,Facebook,13055.931864577598,195
2023-12-01,Facebook,11236.9593107103,726
2024-01-01,Facebook,5386.340743586759,491
2024-02-01,Facebook,8255.715024643087,638
2024-03-01,Facebook,8848.214610071213,443
2024-04-01,Facebook,17664.83589227349,153
2024-05-01,Facebook,19237.631005514708,399
2024-06-01,Facebook,17913.526566731693,686
2024-07-01,Facebook,14523.971469013602,296
2024-08-01,Facebook,11907.358305313526,255
2024-09-01,Facebook,13940.601891586122,771
2024-10-01,Facebook,18812.629804287437,32
2024-11-01,Facebook,5374.975336864719,361
2024-12-01,Facebook,10934.849899631396,54
2023-01-01,Google,13947.356370507954,578
2023-02-01,Google,13745.316525823355,233
2023-03-01,Google,5419.43971174831,431
2023-04-01,Google,11941.264784100162,424
2023-05-01,Google,16020.30627719305,513
2023-06-01,Google,9764.040110979755,677
2023-07-01,Google,15969.312495625332,178
2023-08-01,Google,7517.710656213818,656
2023-09-01,Google,18805.8224796933,129
2023-10-01,Google,10911.604589732471,568
2023-11-01,Google,12120.985040455978,545
2023-12-01,Google,1111.550591689474,366
2024-01-01,Google,3820.248174007588,763
2024-02-01,Google,12842.210669185371,655
2024-03-01,Google,8687.47224975429,298
2024-04-01,Google,10409.193913934407,498
2024-05-01,Google,1727.9424703071586,130
2024-06-01,Google,16765.637149002494,655
2024-07-01,Google,15797.859244776237,450
2024-08-01,Google,4114.402526576066,561
2024-09-01,Google,12869.422466518898,134
2024-10-01,Google,16457.1466272583,109
2024-11-01,Google,12996.6556601042,231
2024-12-01,Google,6552.762858268974,569
2023-01-01,Instagram,13294.16743432426,614
2023-02-01,Instagram,4604.004079822639,558
2023-03-01,Instagram,6705.972446948706,748
2023-04-01,Instagram,5181.358235589983,379
2023-05-01,Instagram,11360.039496609028,505
2023-06-01,Instagram,2610.419611928198,391
2023-07-01,Instagram,18699.552416792605,234
2023-08-01,Instagram,7003.490896425903,752
2023-09-01,Instagram,4769.917478563126,34
2023-10-01,Instagram,10182.72136523571,278
2023-11-01,Instagram,5901.457459866963,797
2023-12-01,Instagram,10930.629684461564,482
2024-01-01,Instagram,7295.928420750667,139
2024-02-01,Instagram,3075.3028099962958,147
2024-03-01,Instagram,5684.957219531609,742
2024-04-01,Instagram,9049.576976749742,542
2024-05-01,Instagram,1090.7179163526996,707
2024-06-01,Instagram,15527.529276787858,664
2024-07-01,Instagram,12625.579009513109,344
2024-08-01,Instagram,12226.512341927908,339
2024-09-01,Instagram,11147.973671713937,525
2024-10-01,Instagram,12011.106860338836,545
2024-11-01,Instagram,18725.713077790802,69
2024-12-01,Instagram,667.0996108094434,603
2023-01-01,Email,1432.0943383261106,88
2023-02-01,Email,4234.121493650646,410
2023-03-01,Email,3762.3769098664266,402
2023-04-01,Email,4033.291959649062,35
2023-05-01,Email,13602.905774048679,458
2023-06-01,Email,9459.924370478224,587
2023-07-01,Email,19839.688127526515,636
2023-08-01,Email,4924.275338657424,151
2023-09-01,Email,6561.186970036146,579
2023-10-01,Email,19692.693977632156,267
2023-11-01,Email,16719.283745643814,292
2023-12-01,Email,9661.084803231388,642
2024-01-01,Email,11314.6392681468,368
2024-02-01,Email,16941.96945273039,503
2024-03-01,Email,9879.114797903398,569
2024-04-01,Email,4517.462609850644,376
2024-05-01,Email,16654.668501810516,771
2024-06-01,Email,10986.563579875046,337
2024-07-01,Email,3484.3306446945153,652
2024-08-01,Email,10358.923708095754,67
2024-09-01,Email,8557.465921638746,29
2024-10-01,Email,17598.42937169428,252
2024-11-01,Email,2958.0809115337165,55
2024-12-01,Email,17566.5911867365,432
2023-01-01,TV,10488.114827800551,481
2023-02-01,TV,8385.106384632378,23
2023-03-01,TV,3658.3600958573365,63
2023-04-01,TV,14165.950271454247,587
2023-05-01,TV,18572.730827645788,573
2023-06-01,TV,7819.858401036737,274
2023-07-01,TV,5210.907513081252,759
2023-08-01,TV,11319.904881483562,133
2023-09-01,TV,16025.62599446047,768
2023-10-01,TV,573.4700437353945,416
2023-11-01,TV,12811.86000971087,193
2023-12-01,TV,12132.062013623301,274
2024-01-01,TV,6703.967623181121,485
2024-02-01,TV,9302.748570296922,296
2024-03-01,TV,5315.7828711555085,483
2024-04-01,TV,15902.771890060934,521
2024-05-01,TV,12873.4312006391,460
2024-06-01,TV,10887.876629760212,88
2024-07-01,TV,8154.260869147631,528
2024-08-01,TV,6181.995527404277,345
2024-09-01,TV,16543.361477846913,761
2024-10-01,TV,9302.449573454596,86
2024-11-01,TV,10278.224686912617,323
2024-12-01,TV,10656.160245544463,503
