product_id,category,price
1,Electronics,186.4
2,Electronics,201.11
3,Home Decor,349.26
4,Home Decor,197.34
5,Home Decor,227.1
6,Groceries,122.58
7,Beauty,189.76
8,Home Decor,117.5
9,Fashion,41.23
10,Fashion,303.71
11,Electronics,335.77
12,Beauty,311.65
13,Home Decor,234.43
14,Fashion,192.99
15,Beauty,432.35
16,Electronics,261.95
17,Groceries,242.2
18,Beauty,17.69
19,Beauty,173.92
20,Groceries,193.2
21,Beauty,202.42
22,Electronics,292.19
23,Electronics,269.13
24,Groceries,305.91
25,Home Decor,383.62
26,Fashion,407.43
27,Home Decor,360.47
28,Beauty,477.98
29,Fashion,14.03
30,Groceries,101.91
31,Groceries,8.74
32,Fashion,325.5
33,Electronics,449.53
34,Fashion,125.52
35,Beauty,463.88
36,Electronics,34.83
37,Groceries,467.55
38,Fashion,179.05
39,Home Decor,55.2
40,Home Decor,245.51
41,Beauty,132.1
42,Home Decor,146.01
43,Fashion,157.11
44,Fashion,402.5
45,Home Decor,271.88
46,Fashion,159.1
47,Beauty,307.12
48,Electronics,359.49
49,Beauty,139.95
50,Beauty,209.71
51,Fashion,65.33
52,Electronics,94.67
53,Fashion,342.15
54,Groceries,94.81
55,Fashion,264.96
56,Fashion,355.98
57,Fashion,57.9
58,Electronics,285.82
59,Fashion,132.0
60,Electronics,481.65
61,Home Decor,244.36
62,Groceries,403.97
63,Electronics,277.36
64,Home Decor,26.49
65,Electronics,318.41
66,Electronics,475.94
67,Groceries,302.8
68,Beauty,410.5
69,Beauty,442.68
70,Electronics,117.9
71,Fashion,109.96
72,Home Decor,307.44
73,Fashion,208.46
74,Fashion,420.73
75,Electronics,450.51
76,Electronics,179.94
77,Electronics,122.25
78,Electronics,391.36
79,Beauty,141.03
80,Electronics,412.19
81,Beauty,214.75
82,Beauty,335.44
83,Electronics,52.29
84,Groceries,313.81
85,Home Decor,228.63
86,Fashion,295.37
87,Beauty,88.17
88,Home Decor,369.75
89,Groceries,432.08
90,Fashion,112.29
91,Fashion,52.38
92,Beauty,16.7
93,Electronics,322.78
94,Groceries,305.51
95,Beauty,275.62
96,Groceries,119.81
97,Electronics,198.5
98,Electronics,299.27
99,Beauty,250.9
100,Electronics,493.95
